"Timestamp","Who is your oshi(s)?","Gender","Age","Time zone","Are you native/fluent in English?"
"2023/05/21 12:52:12 AM MDT","Vox Akuma;Uki Violeta;Fulgur Ovid","","","UTC -5","Yes"
"2023/05/21 12:55:26 AM MDT","Luca Kaneshiro;Shu Yamino;Ike Eveland;Mysta Rias;Vox Akuma","","20","UTC +8","Yes"
"2023/05/21 12:57:57 AM MDT","Elira Pendora;Selen Tatsuki;Millie Parfait;Luca Kaneshiro;Ike Eveland;Sonny Brisko;Scarle Yonaguni;Meloco Kyoran","","","UTC +14/-10","Yes"
"2023/05/21 12:58:43 AM MDT","Uki Violeta;Fulgur Ovid","","23","UTC -7","Yes"
"2023/05/21 1:00:21 AM MDT","Fulgur Ovid","","34","UTC +7","No"
"2023/05/21 1:01:19 AM MDT","Fulgur Ovid","","36","UTC +7","Yes"
"2023/05/21 1:07:59 AM MDT","Vox Akuma;Fulgur Ovid;Hex Haywire","","18","UTC +3","Yes"
"2023/05/21 1:09:49 AM MDT","Selen Tatsuki;Millie Parfait;Enna Alouette;Reimu Endou;Fulgur Ovid;Kyo Kaneko;Doppio Dropscythe","","25","UTC -3","No"
"2023/05/21 1:10:25 AM MDT","Elira Pendora;Doppio Dropscythe","","24","UTC +8","Yes"
"2023/05/21 1:14:09 AM MDT","Pomu Rainpuff;Elira Pendora;Millie Parfait;Enna Alouette;Shu Yamino;Vox Akuma;Sonny Brisko;Uki Violeta;Alban Knox;Fulgur Ovid;Aster Arcadia;Doppio Dropscythe;Ver Vermillion","","22","UTC +0","Yes"
"2023/05/21 1:15:21 AM MDT","Pomu Rainpuff;Selen Tatsuki;Enna Alouette;Ike Eveland;Mysta Rias;Doppio Dropscythe;Kotoka Torahime","","26","UTC +1","Yes"
"2023/05/21 1:15:48 AM MDT","Kyo Kaneko;Doppio Dropscythe;Kotoka Torahime;Ver Vermillion","","29","UTC -8","Yes"
"2023/05/21 1:16:39 AM MDT","Shu Yamino;Vox Akuma;Uki Violeta;Fulgur Ovid","","","UTC +9","Yes"
"2023/05/21 1:28:31 AM MDT","Millie Parfait;Enna Alouette;Vox Akuma;Sonny Brisko;Uki Violeta;Fulgur Ovid;Scarle Yonaguni;Ren Zotto;Doppio Dropscythe","","23","UTC +7","Yes"
"2023/05/21 1:30:00 AM MDT","Ike Eveland;Sonny Brisko;Alban Knox;Ren Zotto;Doppio Dropscythe;Ver Vermillion","","27","UTC +8","No"
"2023/05/21 1:30:45 AM MDT","Vox Akuma","","23","UTC +1","Yes"
"2023/05/21 1:34:17 AM MDT","Pomu Rainpuff;Elira Pendora;Finana Ryugu;Rosemi Lovelock;Petra Gurin;Selen Tatsuki;Nina Kosaka;Millie Parfait;Enna Alouette;Reimu Endou;Luca Kaneshiro;Shu Yamino;Ike Eveland;Mysta Rias;Vox Akuma;Sonny Brisko;Uki Violeta;Alban Knox;Fulgur Ovid;Maria Marionette;Kyo Kaneko;Aia Amare;Aster Arcadia;Scarle Yonaguni;Ren Zotto;Doppio Dropscythe;Meloco Kyoran;Hex Haywire;Kotoka Torahime;Ver Vermillion","","27","UTC +1","Yes"
"2023/05/21 1:36:09 AM MDT","Mysta Rias;Ver Vermillion","","24","UTC +8","No"
"2023/05/21 1:42:07 AM MDT","Rosemi Lovelock;Vox Akuma","","25","UTC -8","Yes"
"2023/05/21 1:50:51 AM MDT","Fulgur Ovid","","36","UTC +2","No"
"2023/05/21 2:03:43 AM MDT","Pomu Rainpuff;Elira Pendora;Petra Gurin;Millie Parfait;Reimu Endou;Luca Kaneshiro;Shu Yamino;Ike Eveland;Mysta Rias;Vox Akuma;Sonny Brisko;Uki Violeta;Alban Knox;Fulgur Ovid;Maria Marionette;Kyo Kaneko;Scarle Yonaguni;Ren Zotto;Doppio Dropscythe","","18","UTC -4","Yes"
"2023/05/21 2:48:28 AM MDT","Pomu Rainpuff;Selen Tatsuki;Ike Eveland;Kyo Kaneko;Doppio Dropscythe","","21","UTC -8","Yes"
"2023/05/21 2:55:25 AM MDT","Vox Akuma","","","UTC +8","No"
"2023/05/21 3:06:59 AM MDT","Pomu Rainpuff;Mysta Rias;Vox Akuma;Sonny Brisko","","20","","Yes"
"2023/05/21 3:16:48 AM MDT","Vox Akuma;Fulgur Ovid","","24","UTC -4","Yes"
"2023/05/21 3:34:51 AM MDT","Uki Violeta;Fulgur Ovid","","21","UTC +2","Yes"
"2023/05/21 3:55:30 AM MDT","Ike Eveland;Vox Akuma;Fulgur Ovid;Doppio Dropscythe;Hex Haywire;Ver Vermillion","","24","UTC +2","Yes"
"2023/05/21 3:56:06 AM MDT","Shu Yamino;Doppio Dropscythe","","23","UTC +8","No"
"2023/05/21 4:20:43 AM MDT","Doppio Dropscythe","","17","UTC -3","Yes"
"2023/05/21 4:42:25 AM MDT","Finana Ryugu;Selen Tatsuki;Millie Parfait;Enna Alouette;Sonny Brisko;Fulgur Ovid;Kyo Kaneko;Doppio Dropscythe","","21","UTC +8","Yes"
"2023/05/21 5:08:19 AM MDT","Mysta Rias;Uki Violeta;Fulgur Ovid;Kyo Kaneko;Aster Arcadia;Doppio Dropscythe","","","UTC +8","No"
"2023/05/21 5:08:24 AM MDT","Selen Tatsuki;Enna Alouette;Ike Eveland;Sonny Brisko;Ver Vermillion","","28","UTC +8","Yes"
"2023/05/21 5:10:19 AM MDT","Luca Kaneshiro;Doppio Dropscythe","","22","UTC -5","Yes"
"2023/05/21 5:14:56 AM MDT","Ver Vermillion","","27","UTC +8","No"
"2023/05/21 5:22:39 AM MDT","Millie Parfait;Shu Yamino;Ike Eveland;Uki Violeta;Fulgur Ovid;Aia Amare","","27","UTC +8","Yes"
"2023/05/21 5:27:53 AM MDT","Vox Akuma;Ren Zotto;Doppio Dropscythe","","20","UTC +8","Yes"
"2023/05/21 5:29:28 AM MDT","Uki Violeta","","","UTC -5","No"
"2023/05/21 5:36:53 AM MDT","Millie Parfait;Sonny Brisko","","28","UTC +8","No"
"2023/05/21 5:36:54 AM MDT","Shu Yamino","","27","UTC +5","No"
"2023/05/21 5:43:24 AM MDT","Millie Parfait;Luca Kaneshiro;Shu Yamino;Uki Violeta;Fulgur Ovid;Kyo Kaneko;Doppio Dropscythe","","23","UTC +8","Yes"
"2023/05/21 5:49:07 AM MDT","Pomu Rainpuff;Selen Tatsuki;Vox Akuma;Sonny Brisko;Fulgur Ovid;Ren Zotto;Doppio Dropscythe","","22","UTC -5","Yes"
"2023/05/21 5:49:12 AM MDT","Ike Eveland;Mysta Rias;Kotoka Torahime","","17","UTC +9","Yes"
"2023/05/21 5:49:50 AM MDT","Ike Eveland;Vox Akuma;Fulgur Ovid;Doppio Dropscythe","","23","UTC -5","Yes"
"2023/05/21 5:52:38 AM MDT","Pomu Rainpuff;Millie Parfait;Luca Kaneshiro;Shu Yamino","","","UTC -4","Yes"
"2023/05/21 5:53:48 AM MDT","Ike Eveland;Vox Akuma","","29","UTC +3","Yes"
"2023/05/21 5:54:26 AM MDT","Ike Eveland;Vox Akuma;Fulgur Ovid","","22","UTC +1","Yes"
"2023/05/21 6:01:06 AM MDT","Luca Kaneshiro;Vox Akuma;Kyo Kaneko","","19","UTC +2","Yes"
"2023/05/21 6:02:16 AM MDT","Pomu Rainpuff;Rosemi Lovelock;Fulgur Ovid;Doppio Dropscythe","","","UTC -5","Yes"
"2023/05/21 6:07:02 AM MDT","Elira Pendora;Millie Parfait;Enna Alouette;Shu Yamino;Mysta Rias;Doppio Dropscythe","","","UTC +2","Yes"
"2023/05/21 6:19:17 AM MDT","Maria Marionette;Doppio Dropscythe;Ver Vermillion","","","UTC +0","Yes"
"2023/05/21 6:20:46 AM MDT","Shu Yamino;Mysta Rias;Vox Akuma;Uki Violeta;Fulgur Ovid;Kyo Kaneko;Ren Zotto;Doppio Dropscythe;Hex Haywire;Ver Vermillion","","31","UTC -4","Yes"
"2023/05/21 6:32:59 AM MDT","Pomu Rainpuff;Selen Tatsuki;Millie Parfait;Enna Alouette;Mysta Rias;Vox Akuma;Fulgur Ovid;Doppio Dropscythe","","24","UTC -8","Yes"
"2023/05/21 6:37:02 AM MDT","Enna Alouette;Kotoka Torahime","","21","UTC +8","No"
"2023/05/21 6:41:08 AM MDT","Selen Tatsuki;Ike Eveland;Uki Violeta;Aia Amare;Doppio Dropscythe","","16","UTC +8","Yes"
"2023/05/21 6:41:48 AM MDT","Selen Tatsuki;Vox Akuma;Fulgur Ovid;Doppio Dropscythe","","18","UTC +4","Yes"
"2023/05/21 6:43:52 AM MDT","Shu Yamino;Uki Violeta;Aster Arcadia;Doppio Dropscythe","","25","UTC -5","Yes"
"2023/05/21 6:44:10 AM MDT","Luca Kaneshiro;Shu Yamino;Mysta Rias;Fulgur Ovid;Doppio Dropscythe;Ver Vermillion","","30","UTC +7","Yes"
"2023/05/21 6:50:25 AM MDT","Millie Parfait;Sonny Brisko;Uki Violeta;Alban Knox;Fulgur Ovid;Aia Amare;Doppio Dropscythe","","","UTC +13/-11","Yes"
"2023/05/21 7:00:35 AM MDT","Vox Akuma;Fulgur Ovid;Doppio Dropscythe;Hex Haywire","","18","UTC +2","Yes"
"2023/05/21 7:01:50 AM MDT","Reimu Endou;Shu Yamino;Doppio Dropscythe;Hex Haywire;Kotoka Torahime","","21","UTC +2","Yes"
"2023/05/21 7:04:46 AM MDT","Vox Akuma;Uki Violeta;Doppio Dropscythe","","22","UTC +2","Yes"
"2023/05/21 7:06:11 AM MDT","Shu Yamino;Vox Akuma;Uki Violeta;Fulgur Ovid;Ren Zotto;Doppio Dropscythe","","23","UTC -4","Yes"
"2023/05/21 7:13:16 AM MDT","Mysta Rias;Doppio Dropscythe","","27","UTC +8","No"
"2023/05/21 7:39:13 AM MDT","Vox Akuma","","40","UTC -5","Yes"
"2023/05/21 7:41:01 AM MDT","Enna Alouette;Uki Violeta;Alban Knox;Doppio Dropscythe;Ver Vermillion","","18","UTC +2","Yes"
"2023/05/21 7:41:23 AM MDT","Vox Akuma;Aia Amare","","25","UTC +7","Yes"
"2023/05/21 7:44:25 AM MDT","Pomu Rainpuff;Selen Tatsuki;Reimu Endou;Ike Eveland;Vox Akuma;Alban Knox;Ren Zotto","","18","UTC -3","Yes"
"2023/05/21 7:51:19 AM MDT","Vox Akuma;Aster Arcadia;Doppio Dropscythe","","23","UTC +3","Yes"
"2023/05/21 7:57:44 AM MDT","Doppio Dropscythe","","30","UTC +8","No"
"2023/05/21 8:03:50 AM MDT","Elira Pendora;Rosemi Lovelock;Enna Alouette;Shu Yamino;Doppio Dropscythe;Meloco Kyoran","","16","UTC +8","Yes"
"2023/05/21 8:08:28 AM MDT","Fulgur Ovid;Doppio Dropscythe","","25","UTC +8","No"
"2023/05/21 8:08:56 AM MDT","Pomu Rainpuff;Selen Tatsuki;Millie Parfait;Enna Alouette;Reimu Endou;Shu Yamino;Ike Eveland;Uki Violeta;Alban Knox;Fulgur Ovid;Doppio Dropscythe","","20","UTC +1","Yes"
"2023/05/21 8:11:09 AM MDT","Fulgur Ovid","","33","UTC +1","Yes"
"2023/05/21 8:14:25 AM MDT","Aster Arcadia","","18","UTC +7","No"
"2023/05/21 8:16:14 AM MDT","Enna Alouette;Luca Kaneshiro;Shu Yamino;Ike Eveland;Fulgur Ovid","","22","UTC -8","Yes"
"2023/05/21 8:17:09 AM MDT","Aster Arcadia","","","UTC -5","Yes"
"2023/05/21 8:19:20 AM MDT","Selen Tatsuki;Sonny Brisko;Fulgur Ovid","","24","UTC +8","Yes"
"2023/05/21 8:24:06 AM MDT","Millie Parfait;Luca Kaneshiro;Ike Eveland;Mysta Rias;Fulgur Ovid;Kyo Kaneko;Scarle Yonaguni;Doppio Dropscythe","","16","UTC +2","Yes"
"2023/05/21 8:25:05 AM MDT","Ike Eveland;Mysta Rias;Uki Violeta;Doppio Dropscythe","","26","UTC +2","No"
"2023/05/21 8:30:05 AM MDT","Elira Pendora;Mysta Rias;Doppio Dropscythe","","18","","Yes"
"2023/05/21 8:32:14 AM MDT","Vox Akuma","","24","UTC +12","Yes"
"2023/05/21 8:37:48 AM MDT","Ike Eveland;Vox Akuma;Uki Violeta;Fulgur Ovid;Kyo Kaneko","","19","UTC +1","Yes"
"2023/05/21 8:44:46 AM MDT","Reimu Endou;Mysta Rias;Uki Violeta","","19","UTC -5","Yes"
"2023/05/21 8:45:03 AM MDT","Selen Tatsuki;Reimu Endou;Luca Kaneshiro;Shu Yamino;Sonny Brisko;Doppio Dropscythe","","","UTC -5","Yes"
"2023/05/21 8:48:30 AM MDT","Pomu Rainpuff;Elira Pendora;Finana Ryugu;Rosemi Lovelock;Selen Tatsuki;Enna Alouette;Luca Kaneshiro;Shu Yamino;Ike Eveland;Sonny Brisko;Uki Violeta;Alban Knox;Fulgur Ovid;Ren Zotto;Doppio Dropscythe","","18","UTC -4","Yes"
"2023/05/21 8:53:51 AM MDT","Ike Eveland;Vox Akuma;Uki Violeta;Fulgur Ovid;Aster Arcadia;Hex Haywire","","19","UTC +5","Yes"
"2023/05/21 8:53:53 AM MDT","Millie Parfait;Enna Alouette;Mysta Rias;Uki Violeta;Fulgur Ovid;Doppio Dropscythe","","33","UTC -3","No"
"2023/05/21 9:01:10 AM MDT","Reimu Endou;Luca Kaneshiro","","26","UTC -6","No"
"2023/05/21 9:01:32 AM MDT","Vox Akuma;Hex Haywire","","30","UTC +8","Yes"
"2023/05/21 9:02:07 AM MDT","Selen Tatsuki;Luca Kaneshiro;Shu Yamino;Ike Eveland;Sonny Brisko;Ren Zotto;Doppio Dropscythe;Hex Haywire","","26","UTC -5","Yes"
"2023/05/21 9:02:18 AM MDT","Vox Akuma;Doppio Dropscythe","","20","UTC +7","Yes"
"2023/05/21 9:09:35 AM MDT","Mysta Rias;Uki Violeta;Fulgur Ovid;Ren Zotto;Doppio Dropscythe;Ver Vermillion","","24","UTC +2","No"
"2023/05/21 9:10:49 AM MDT","Elira Pendora;Selen Tatsuki;Millie Parfait;Enna Alouette;Shu Yamino;Ike Eveland;Doppio Dropscythe","","17","UTC +12","Yes"
"2023/05/21 9:12:34 AM MDT","Sonny Brisko;Uki Violeta;Alban Knox;Fulgur Ovid","","26","UTC -5","Yes"
"2023/05/21 9:13:58 AM MDT","Millie Parfait;Enna Alouette;Sonny Brisko;Alban Knox;Doppio Dropscythe","","30","UTC +8","Yes"
"2023/05/21 9:15:24 AM MDT","Millie Parfait;Reimu Endou;Luca Kaneshiro;Shu Yamino;Vox Akuma;Uki Violeta;Alban Knox;Scarle Yonaguni;Doppio Dropscythe;Meloco Kyoran;Hex Haywire;Kotoka Torahime;Ver Vermillion","","22","UTC +8","Yes"
"2023/05/21 9:20:15 AM MDT","Petra Gurin;Nina Kosaka;Reimu Endou;Luca Kaneshiro;Vox Akuma;Aster Arcadia;Ren Zotto;Doppio Dropscythe;Hex Haywire","","16","UTC +6","Yes"
"2023/05/21 9:22:35 AM MDT","Luca Kaneshiro;Shu Yamino","","19","UTC +10","Yes"
"2023/05/21 9:26:01 AM MDT","Pomu Rainpuff;Millie Parfait;Luca Kaneshiro","","22","UTC +8","Yes"
"2023/05/21 9:27:16 AM MDT","Fulgur Ovid","","19","UTC -6","Yes"
"2023/05/21 9:30:17 AM MDT","Ike Eveland;Vox Akuma;Kyo Kaneko","","16","UTC +0","Yes"
"2023/05/21 9:34:07 AM MDT","Pomu Rainpuff;Elira Pendora;Millie Parfait;Luca Kaneshiro;Mysta Rias;Vox Akuma;Uki Violeta;Fulgur Ovid;Maria Marionette;Aia Amare;Doppio Dropscythe","","21","UTC -5","Yes"
"2023/05/21 9:37:53 AM MDT","Ike Eveland;Alban Knox;Kyo Kaneko;Aster Arcadia;Ren Zotto;Ver Vermillion","","18","UTC -4","Yes"
"2023/05/21 9:38:04 AM MDT","Mysta Rias;Fulgur Ovid;Doppio Dropscythe","","17","UTC +2","Yes"
"2023/05/21 9:53:34 AM MDT","Pomu Rainpuff;Finana Ryugu;Enna Alouette;Luca Kaneshiro;Kyo Kaneko;Doppio Dropscythe;Ver Vermillion","","17","UTC -7","Yes"
"2023/05/21 9:54:43 AM MDT","Enna Alouette;Luca Kaneshiro;Doppio Dropscythe","","17","UTC -4","Yes"
"2023/05/21 9:55:11 AM MDT","Mysta Rias;Aster Arcadia;Ver Vermillion","","15","UTC -4","Yes"
"2023/05/21 9:57:53 AM MDT","Nina Kosaka;Enna Alouette;Luca Kaneshiro;Shu Yamino;Ike Eveland;Mysta Rias;Vox Akuma;Uki Violeta;Fulgur Ovid;Kyo Kaneko;Doppio Dropscythe;Hex Haywire","","15","UTC -7","Yes"
"2023/05/21 10:02:22 AM MDT","Pomu Rainpuff;Elira Pendora;Petra Gurin;Selen Tatsuki;Shu Yamino;Sonny Brisko","","16","UTC +0","Yes"
"2023/05/21 10:03:33 AM MDT","Pomu Rainpuff;Elira Pendora;Finana Ryugu;Rosemi Lovelock;Petra Gurin;Selen Tatsuki;Nina Kosaka;Millie Parfait;Enna Alouette;Reimu Endou;Shu Yamino;Uki Violeta;Doppio Dropscythe","","20","UTC -5","Yes"
"2023/05/21 10:10:22 AM MDT","Millie Parfait;Enna Alouette;Uki Violeta;Fulgur Ovid","","","UTC +7","Yes"
"2023/05/21 10:12:48 AM MDT","Enna Alouette;Luca Kaneshiro;Shu Yamino;Sonny Brisko;Uki Violeta;Fulgur Ovid;Kyo Kaneko;Ren Zotto;Doppio Dropscythe","","27","UTC -7","Yes"
"2023/05/21 10:14:57 AM MDT","Pomu Rainpuff;Millie Parfait;Luca Kaneshiro;Sonny Brisko;Uki Violeta;Ren Zotto;Ver Vermillion","","20","UTC +7","No"
"2023/05/21 10:17:11 AM MDT","Millie Parfait;Enna Alouette;Uki Violeta;Aia Amare;Scarle Yonaguni;Ren Zotto;Doppio Dropscythe;Kotoka Torahime","","26","UTC +8","Yes"
"2023/05/21 10:18:46 AM MDT","Pomu Rainpuff;Elira Pendora;Finana Ryugu;Rosemi Lovelock;Petra Gurin;Selen Tatsuki;Nina Kosaka;Millie Parfait;Enna Alouette;Reimu Endou;Luca Kaneshiro;Shu Yamino;Ike Eveland;Mysta Rias;Vox Akuma;Sonny Brisko;Uki Violeta;Alban Knox;Fulgur Ovid;Maria Marionette;Aia Amare;Aster Arcadia;Ren Zotto;Doppio Dropscythe;Meloco Kyoran;Kotoka Torahime;Ver Vermillion","","25","UTC +8","Yes"
"2023/05/21 10:25:40 AM MDT","Ren Zotto","","25","UTC -4","Yes"
"2023/05/21 10:26:49 AM MDT","Shu Yamino;Ike Eveland;Sonny Brisko;Uki Violeta;Alban Knox;Maria Marionette;Kyo Kaneko;Aster Arcadia;Scarle Yonaguni;Doppio Dropscythe;Ver Vermillion","","20","UTC +8","Yes"
"2023/05/21 10:30:18 AM MDT","Pomu Rainpuff;Doppio Dropscythe","","21","UTC +5","Yes"
"2023/05/21 10:31:10 AM MDT","Millie Parfait;Enna Alouette;Shu Yamino;Mysta Rias;Sonny Brisko;Uki Violeta;Alban Knox;Fulgur Ovid","","23","UTC +8","Yes"
"2023/05/21 10:38:43 AM MDT","Alban Knox","","24","UTC -4","Yes"
"2023/05/21 10:39:23 AM MDT","Reimu Endou;Luca Kaneshiro;Shu Yamino;Mysta Rias;Ren Zotto;Doppio Dropscythe","","22","UTC +2","Yes"
"2023/05/21 10:39:56 AM MDT","Luca Kaneshiro;Mysta Rias","","30","UTC -5","Yes"
"2023/05/21 10:40:30 AM MDT","Luca Kaneshiro;Mysta Rias;Hex Haywire","","22","UTC -4","Yes"
"2023/05/21 10:40:52 AM MDT","Enna Alouette;Ike Eveland;Mysta Rias;Uki Violeta;Fulgur Ovid;Kyo Kaneko;Aster Arcadia","","22","UTC +2","Yes"
"2023/05/21 10:42:11 AM MDT","Selen Tatsuki;Enna Alouette;Vox Akuma;Fulgur Ovid;Doppio Dropscythe","","20","UTC +12","Yes"
"2023/05/21 10:45:43 AM MDT","Elira Pendora;Rosemi Lovelock;Millie Parfait;Reimu Endou;Ike Eveland;Vox Akuma;Alban Knox;Kotoka Torahime;Ver Vermillion","","17","UTC -4","Yes"
"2023/05/21 10:45:52 AM MDT","Kyo Kaneko;Scarle Yonaguni;Doppio Dropscythe","","17","UTC -7","Yes"
"2023/05/21 10:51:11 AM MDT","Kyo Kaneko;Aia Amare;Doppio Dropscythe;Ver Vermillion","","17","","Yes"
"2023/05/21 10:55:48 AM MDT","Elira Pendora;Millie Parfait;Enna Alouette;Shu Yamino;Mysta Rias;Alban Knox;Fulgur Ovid","","24","UTC -5","Yes"
"2023/05/21 11:04:02 AM MDT","Elira Pendora;Luca Kaneshiro;Shu Yamino;Ike Eveland;Sonny Brisko","","17","UTC -7","Yes"
"2023/05/21 11:06:53 AM MDT","Luca Kaneshiro;Shu Yamino;Mysta Rias","","17","UTC -7","Yes"
"2023/05/21 11:19:12 AM MDT","Enna Alouette;Luca Kaneshiro;Mysta Rias;Vox Akuma;Uki Violeta;Fulgur Ovid;Ren Zotto;Doppio Dropscythe","","19","UTC +8","Yes"
"2023/05/21 11:20:51 AM MDT","Mysta Rias;Vox Akuma","","20","UTC +2","Yes"
"2023/05/21 11:21:14 AM MDT","Pomu Rainpuff;Shu Yamino;Vox Akuma;Alban Knox;Aster Arcadia;Doppio Dropscythe;Ver Vermillion","","19","UTC +8","No"
"2023/05/21 11:21:39 AM MDT","Pomu Rainpuff;Doppio Dropscythe","","20","UTC +13/-11","Yes"
"2023/05/21 11:25:24 AM MDT","Vox Akuma;Fulgur Ovid","","20","UTC +8","Yes"
"2023/05/21 11:26:07 AM MDT","Mysta Rias;Vox Akuma;Uki Violeta","","18","UTC +0","Yes"
"2023/05/21 11:28:17 AM MDT","Elira Pendora;Vox Akuma;Fulgur Ovid","","23","UTC -6","Yes"
"2023/05/21 11:30:12 AM MDT","Pomu Rainpuff;Elira Pendora;Enna Alouette;Luca Kaneshiro;Shu Yamino;Sonny Brisko","","29","UTC +9","Yes"
"2023/05/21 11:31:11 AM MDT","Vox Akuma","","21","UTC +8","Yes"
"2023/05/21 11:36:34 AM MDT","Luca Kaneshiro;Sonny Brisko;Alban Knox;Doppio Dropscythe;Kotoka Torahime","","21","UTC -7","Yes"
"2023/05/21 11:43:16 AM MDT","Vox Akuma","","25","UTC -8","Yes"
"2023/05/21 11:46:57 AM MDT","Selen Tatsuki;Luca Kaneshiro;Ike Eveland;Vox Akuma;Sonny Brisko","","20","UTC -6","Yes"
"2023/05/21 11:51:40 AM MDT","Luca Kaneshiro;Shu Yamino;Ike Eveland;Mysta Rias;Vox Akuma;Uki Violeta;Fulgur Ovid;Kyo Kaneko;Aia Amare;Doppio Dropscythe;Ver Vermillion","","19","UTC -5","Yes"
"2023/05/21 11:54:52 AM MDT","Mysta Rias","","22","UTC +10","Yes"
"2023/05/21 12:00:20 PM MDT","Elira Pendora;Selen Tatsuki;Enna Alouette;Reimu Endou;Luca Kaneshiro;Shu Yamino;Ike Eveland;Mysta Rias;Vox Akuma;Fulgur Ovid;Maria Marionette;Doppio Dropscythe","","20","UTC +2","Yes"
"2023/05/21 12:02:32 PM MDT","Pomu Rainpuff;Enna Alouette;Luca Kaneshiro;Ike Eveland","","","UTC +7","No"
"2023/05/21 12:09:30 PM MDT","Enna Alouette;Vox Akuma;Sonny Brisko;Uki Violeta;Alban Knox;Fulgur Ovid","","24","UTC +8","Yes"
"2023/05/21 12:11:31 PM MDT","Elira Pendora;Shu Yamino;Uki Violeta;Kyo Kaneko","","24","UTC -5","Yes"
"2023/05/21 12:13:19 PM MDT","Pomu Rainpuff;Selen Tatsuki;Millie Parfait;Enna Alouette;Luca Kaneshiro;Shu Yamino;Mysta Rias;Uki Violeta;Fulgur Ovid;Kyo Kaneko;Aster Arcadia;Doppio Dropscythe","","21","UTC +8","Yes"
"2023/05/21 12:15:49 PM MDT","Selen Tatsuki;Uki Violeta;Fulgur Ovid;Kyo Kaneko;Aster Arcadia;Scarle Yonaguni","","19","UTC -5","Yes"
"2023/05/21 12:22:59 PM MDT","Finana Ryugu;Rosemi Lovelock;Selen Tatsuki;Millie Parfait;Enna Alouette;Luca Kaneshiro;Shu Yamino;Ike Eveland;Mysta Rias;Vox Akuma;Uki Violeta;Alban Knox;Fulgur Ovid;Kyo Kaneko;Ren Zotto;Doppio Dropscythe;Hex Haywire;Ver Vermillion","","33","UTC -4","Yes"
"2023/05/21 12:23:37 PM MDT","Enna Alouette;Mysta Rias;Vox Akuma;Uki Violeta;Doppio Dropscythe","","20","UTC +2","Yes"
"2023/05/21 12:24:14 PM MDT","Elira Pendora;Enna Alouette;Ike Eveland;Vox Akuma;Uki Violeta;Doppio Dropscythe;Hex Haywire;Ver Vermillion","","16","UTC -4","Yes"
"2023/05/21 12:24:27 PM MDT","Pomu Rainpuff;Luca Kaneshiro;Ike Eveland;Mysta Rias;Vox Akuma;Sonny Brisko;Uki Violeta;Fulgur Ovid;Kyo Kaneko;Ren Zotto","","20","UTC -5","Yes"
"2023/05/21 12:24:37 PM MDT","Enna Alouette;Kyo Kaneko;Aster Arcadia;Doppio Dropscythe;Ver Vermillion","","22","UTC -5","Yes"
"2023/05/21 12:28:24 PM MDT","Mysta Rias;Vox Akuma;Fulgur Ovid","","20","UTC +2","No"
"2023/05/21 12:34:43 PM MDT","Mysta Rias;Kyo Kaneko;Aster Arcadia","","19","UTC -4","Yes"
"2023/05/21 12:34:59 PM MDT","Selen Tatsuki;Enna Alouette;Luca Kaneshiro;Shu Yamino;Ike Eveland;Mysta Rias;Vox Akuma;Uki Violeta","","20","UTC -5","Yes"
"2023/05/21 12:35:50 PM MDT","Ike Eveland;Mysta Rias;Fulgur Ovid;Aia Amare","","19","UTC -7","Yes"
"2023/05/21 12:42:02 PM MDT","Pomu Rainpuff;Elira Pendora;Enna Alouette;Shu Yamino;Uki Violeta;Kyo Kaneko","","19","UTC +8","Yes"
"2023/05/21 12:43:55 PM MDT","Pomu Rainpuff;Elira Pendora;Shu Yamino","","24","UTC -4","Yes"
"2023/05/21 12:46:14 PM MDT","Shu Yamino;Mysta Rias","","24","UTC -4","Yes"
"2023/05/21 12:49:22 PM MDT","Elira Pendora;Selen Tatsuki;Millie Parfait;Shu Yamino;Vox Akuma;Uki Violeta;Fulgur Ovid;Maria Marionette;Doppio Dropscythe;Kotoka Torahime","","21","UTC -7","Yes"
"2023/05/21 12:51:07 PM MDT","Selen Tatsuki;Vox Akuma;Fulgur Ovid;Kyo Kaneko","","28","UTC +1","Yes"
"2023/05/21 12:58:34 PM MDT","Pomu Rainpuff;Elira Pendora;Aia Amare","","26","UTC -5","Yes"
"2023/05/21 1:01:28 PM MDT","Ike Eveland;Vox Akuma","","17","UTC -6","Yes"
"2023/05/21 1:03:50 PM MDT","Sonny Brisko;Alban Knox;Doppio Dropscythe","","19","UTC +8","No"
"2023/05/21 1:06:16 PM MDT","Vox Akuma;Ren Zotto","","18","UTC -6","Yes"
"2023/05/21 1:18:35 PM MDT","Vox Akuma;Alban Knox;Ver Vermillion","","21","UTC +8","No"
"2023/05/21 1:21:00 PM MDT","Fulgur Ovid;Kyo Kaneko","","18","UTC +3","Yes"
"2023/05/21 1:33:23 PM MDT","Vox Akuma","","","UTC -7","Yes"
"2023/05/21 1:41:52 PM MDT","Vox Akuma","","24","UTC +0","Yes"
"2023/05/21 1:44:56 PM MDT","Luca Kaneshiro;Vox Akuma","","29","UTC -3","Yes"
"2023/05/21 1:45:09 PM MDT","Petra Gurin;Shu Yamino;Aster Arcadia","","22","UTC -7","Yes"
"2023/05/21 1:50:37 PM MDT","Millie Parfait;Enna Alouette;Reimu Endou;Luca Kaneshiro;Shu Yamino;Ike Eveland;Fulgur Ovid;Kyo Kaneko;Doppio Dropscythe;Ver Vermillion","","25","UTC +8","Yes"
"2023/05/21 1:51:22 PM MDT","Selen Tatsuki;Millie Parfait;Mysta Rias;Alban Knox;Kyo Kaneko","","21","UTC -4","Yes"
"2023/05/21 1:52:55 PM MDT","Selen Tatsuki;Enna Alouette;Mysta Rias;Vox Akuma;Kyo Kaneko;Doppio Dropscythe","","17","UTC -4","Yes"
"2023/05/21 1:55:50 PM MDT","Mysta Rias;Kyo Kaneko","","17","UTC -6","Yes"
"2023/05/21 1:57:27 PM MDT","Luca Kaneshiro;Shu Yamino;Ike Eveland;Mysta Rias;Vox Akuma","","25","UTC +8","Yes"
"2023/05/21 2:04:30 PM MDT","Vox Akuma","","24","UTC +1","Yes"
"2023/05/21 2:06:31 PM MDT","Fulgur Ovid;Kyo Kaneko","","22","UTC -4","Yes"
"2023/05/21 2:08:54 PM MDT","Mysta Rias;Uki Violeta;Kyo Kaneko;Aster Arcadia;Doppio Dropscythe","","","UTC +9","No"
"2023/05/21 2:10:29 PM MDT","Mysta Rias;Vox Akuma;Fulgur Ovid","","21","UTC +2","Yes"
"2023/05/21 2:14:06 PM MDT","Mysta Rias;Vox Akuma;Hex Haywire","","19","UTC +0","Yes"
"2023/05/21 2:19:58 PM MDT","Mysta Rias;Vox Akuma","","25","UTC +1","Yes"
"2023/05/21 2:26:17 PM MDT","Sonny Brisko;Doppio Dropscythe","","","UTC +8","No"
"2023/05/21 2:26:55 PM MDT","Mysta Rias;Aster Arcadia;Scarle Yonaguni","","14","UTC -8","Yes"
"2023/05/21 2:36:35 PM MDT","Kyo Kaneko;Scarle Yonaguni","","20","UTC +1","No"
"2023/05/21 2:41:40 PM MDT","Millie Parfait;Luca Kaneshiro;Uki Violeta;Hex Haywire","","22","UTC +8","Yes"
"2023/05/21 2:46:10 PM MDT","Millie Parfait;Mysta Rias;Uki Violeta;Aster Arcadia;Doppio Dropscythe","","30","UTC +8","Yes"
"2023/05/21 2:52:10 PM MDT","Luca Kaneshiro;Vox Akuma;Doppio Dropscythe","","28","UTC +8","No"
"2023/05/21 2:55:18 PM MDT","Pomu Rainpuff;Doppio Dropscythe;Hex Haywire","","28","UTC +2","Yes"
"2023/05/21 3:00:06 PM MDT","Uki Violeta;Fulgur Ovid;Kyo Kaneko","","26","UTC -4","Yes"
"2023/05/21 3:07:29 PM MDT","Enna Alouette;Kyo Kaneko","","24","UTC +2","Yes"
"2023/05/21 3:18:06 PM MDT","Luca Kaneshiro;Alban Knox;Ren Zotto","","25","UTC +10","Yes"
"2023/05/21 3:22:10 PM MDT","Millie Parfait;Luca Kaneshiro;Mysta Rias;Uki Violeta;Fulgur Ovid;Kyo Kaneko;Aia Amare;Aster Arcadia;Doppio Dropscythe","","","UTC +8","Yes"
"2023/05/21 3:23:57 PM MDT","Selen Tatsuki;Enna Alouette;Luca Kaneshiro;Ike Eveland;Mysta Rias;Vox Akuma;Uki Violeta;Fulgur Ovid;Kyo Kaneko;Ren Zotto;Doppio Dropscythe","","23","UTC -5","Yes"
"2023/05/21 3:26:18 PM MDT","Nina Kosaka;Luca Kaneshiro;Ike Eveland;Mysta Rias;Vox Akuma;Alban Knox;Scarle Yonaguni;Doppio Dropscythe","","25","UTC +1","Yes"
"2023/05/21 3:26:53 PM MDT","Kyo Kaneko","","","UTC -4","Yes"
"2023/05/21 3:28:10 PM MDT","Alban Knox;Fulgur Ovid","","19","UTC +1","Yes"
"2023/05/21 3:30:05 PM MDT","Millie Parfait;Vox Akuma","","24","UTC +9","No"
"2023/05/21 3:30:30 PM MDT","Vox Akuma;Kyo Kaneko","","18","UTC -3","Yes"
"2023/05/21 3:32:00 PM MDT","Pomu Rainpuff;Elira Pendora;Finana Ryugu;Millie Parfait;Enna Alouette;Luca Kaneshiro;Shu Yamino;Ike Eveland;Mysta Rias;Vox Akuma;Sonny Brisko;Fulgur Ovid;Kyo Kaneko;Scarle Yonaguni;Kotoka Torahime","","20","UTC +8","Yes"
"2023/05/21 3:34:34 PM MDT","Pomu Rainpuff;Elira Pendora;Reimu Endou;Shu Yamino;Sonny Brisko;Ren Zotto;Doppio Dropscythe","","30","UTC -5","Yes"
"2023/05/21 3:38:18 PM MDT","Enna Alouette;Ike Eveland;Mysta Rias;Kyo Kaneko","","","","Yes"
"2023/05/21 3:41:01 PM MDT","Luca Kaneshiro;Shu Yamino;Kyo Kaneko;Ren Zotto","","","UTC -7","Yes"
"2023/05/21 3:42:32 PM MDT","Ike Eveland;Vox Akuma;Uki Violeta;Ren Zotto","","21","UTC -4","Yes"
"2023/05/21 3:42:34 PM MDT","Elira Pendora;Millie Parfait;Enna Alouette;Ike Eveland;Vox Akuma;Uki Violeta;Fulgur Ovid;Ren Zotto;Doppio Dropscythe;Meloco Kyoran","","23","UTC +4","Yes"
"2023/05/21 3:46:06 PM MDT","Millie Parfait;Fulgur Ovid;Kyo Kaneko","","22","UTC +1","Yes"
"2023/05/21 3:52:18 PM MDT","Pomu Rainpuff;Selen Tatsuki;Millie Parfait;Enna Alouette;Luca Kaneshiro;Shu Yamino;Ike Eveland;Kyo Kaneko","","17","UTC -5","Yes"
"2023/05/21 3:57:37 PM MDT","Mysta Rias;Vox Akuma;Maria Marionette;Doppio Dropscythe","","15","UTC +1","Yes"
"2023/05/21 4:05:15 PM MDT","Elira Pendora;Selen Tatsuki;Millie Parfait;Enna Alouette;Reimu Endou;Luca Kaneshiro;Shu Yamino;Ike Eveland;Mysta Rias;Vox Akuma;Fulgur Ovid;Kyo Kaneko;Doppio Dropscythe","","35","UTC -5","Yes"
"2023/05/21 4:13:30 PM MDT","Uki Violeta;Fulgur Ovid;Kyo Kaneko;Ren Zotto;Doppio Dropscythe","","27","UTC -7","Yes"
"2023/05/21 4:14:07 PM MDT","Vox Akuma;Doppio Dropscythe","","20","UTC +7","Yes"
"2023/05/21 4:19:48 PM MDT","Shu Yamino;Vox Akuma;Kyo Kaneko;Ren Zotto;Doppio Dropscythe;Ver Vermillion","","25","UTC +12","Yes"
"2023/05/21 4:21:27 PM MDT","Vox Akuma","","33","UTC -5","Yes"
"2023/05/21 4:26:42 PM MDT","Fulgur Ovid;Kyo Kaneko","","21","UTC -8","Yes"
"2023/05/21 4:37:08 PM MDT","Vox Akuma;Fulgur Ovid","","27","","Yes"
"2023/05/21 4:45:14 PM MDT","Vox Akuma;Maria Marionette","","19","UTC +9","Yes"
"2023/05/21 4:47:05 PM MDT","Luca Kaneshiro;Shu Yamino;Mysta Rias;Alban Knox;Doppio Dropscythe","","15","UTC -6","Yes"
"2023/05/21 4:51:47 PM MDT","Ike Eveland;Kyo Kaneko","","19","UTC +8","Yes"
"2023/05/21 4:53:55 PM MDT","Luca Kaneshiro;Shu Yamino","","29","UTC -4","Yes"
"2023/05/21 5:00:28 PM MDT","Luca Kaneshiro","","25","UTC +8","No"
"2023/05/21 5:04:36 PM MDT","Pomu Rainpuff;Elira Pendora;Selen Tatsuki;Millie Parfait;Enna Alouette;Reimu Endou;Luca Kaneshiro;Shu Yamino;Ike Eveland;Mysta Rias;Vox Akuma;Sonny Brisko;Uki Violeta;Fulgur Ovid;Kyo Kaneko;Aia Amare;Aster Arcadia;Ren Zotto;Doppio Dropscythe;Ver Vermillion","","18","UTC +8","Yes"
"2023/05/21 5:18:41 PM MDT","Enna Alouette;Luca Kaneshiro;Shu Yamino;Ike Eveland;Mysta Rias;Vox Akuma;Sonny Brisko;Uki Violeta;Alban Knox;Fulgur Ovid;Maria Marionette;Scarle Yonaguni;Ren Zotto;Doppio Dropscythe;Ver Vermillion","","26","UTC +8","No"
"2023/05/21 5:19:44 PM MDT","Luca Kaneshiro;Shu Yamino;Ike Eveland;Mysta Rias;Vox Akuma;Sonny Brisko;Alban Knox;Ren Zotto;Meloco Kyoran;Kotoka Torahime","","26","UTC +9","No"
"2023/05/21 5:22:12 PM MDT","Enna Alouette;Shu Yamino","","19","UTC +9","Yes"
"2023/05/21 5:22:46 PM MDT","Shu Yamino;Ike Eveland;Sonny Brisko;Uki Violeta;Alban Knox;Fulgur Ovid","","22","UTC +8","Yes"
"2023/05/21 5:23:39 PM MDT","Alban Knox","","21","UTC -5","Yes"
"2023/05/21 5:26:28 PM MDT","Finana Ryugu;Petra Gurin;Sonny Brisko;Alban Knox;Maria Marionette;Ver Vermillion","","24","UTC +8","Yes"
"2023/05/21 5:28:28 PM MDT","Selen Tatsuki;Vox Akuma;Fulgur Ovid","","26","UTC +3","Yes"
"2023/05/21 5:29:48 PM MDT","Elira Pendora;Ike Eveland;Uki Violeta;Alban Knox;Fulgur Ovid","","18","UTC -5","Yes"
"2023/05/21 5:30:53 PM MDT","Elira Pendora;Reimu Endou;Mysta Rias;Uki Violeta;Maria Marionette;Doppio Dropscythe;Ver Vermillion","","17","UTC -6","Yes"
"2023/05/21 5:34:53 PM MDT","Luca Kaneshiro;Shu Yamino;Vox Akuma;Ver Vermillion","","25","UTC -5","Yes"
"2023/05/21 5:40:46 PM MDT","Kyo Kaneko;Ren Zotto","","21","UTC -5","Yes"
"2023/05/21 5:44:16 PM MDT","Luca Kaneshiro;Shu Yamino;Mysta Rias;Doppio Dropscythe","","17","UTC +1","Yes"
"2023/05/21 5:46:47 PM MDT","Vox Akuma;Fulgur Ovid;Doppio Dropscythe;Hex Haywire","","54","UTC +14/-10","Yes"
"2023/05/21 5:50:34 PM MDT","Selen Tatsuki;Luca Kaneshiro;Ike Eveland;Alban Knox;Doppio Dropscythe","","21","UTC -8","Yes"
"2023/05/21 5:53:05 PM MDT","Enna Alouette;Luca Kaneshiro;Shu Yamino;Ike Eveland;Mysta Rias;Vox Akuma;Uki Violeta;Kyo Kaneko;Aia Amare","","19","UTC -4","Yes"
"2023/05/21 5:58:06 PM MDT","Luca Kaneshiro;Mysta Rias;Vox Akuma;Alban Knox;Fulgur Ovid;Aster Arcadia;Ren Zotto;Hex Haywire;Ver Vermillion","","20","UTC -5","Yes"
"2023/05/21 5:58:54 PM MDT","Vox Akuma;Hex Haywire;Ver Vermillion","","19","UTC +10","Yes"
"2023/05/21 6:01:11 PM MDT","Luca Kaneshiro;Ike Eveland;Uki Violeta;Kyo Kaneko","","","UTC -5","Yes"
"2023/05/21 6:15:04 PM MDT","Vox Akuma;Fulgur Ovid;Kotoka Torahime","","26","UTC -6","Yes"
"2023/05/21 6:15:48 PM MDT","Pomu Rainpuff;Enna Alouette;Vox Akuma;Ren Zotto;Doppio Dropscythe;Ver Vermillion","","21","UTC -7","Yes"
"2023/05/21 6:16:29 PM MDT","Shu Yamino;Mysta Rias;Alban Knox;Aia Amare","","28","UTC -5","Yes"
"2023/05/21 6:21:33 PM MDT","Shu Yamino;Vox Akuma;Uki Violeta;Fulgur Ovid;Doppio Dropscythe;Meloco Kyoran;Ver Vermillion","","37","UTC +8","Yes"
"2023/05/21 6:26:01 PM MDT","Luca Kaneshiro;Shu Yamino","","42","UTC -4","Yes"
"2023/05/21 6:26:45 PM MDT","Fulgur Ovid","","26","UTC +7","Yes"
"2023/05/21 6:27:38 PM MDT","Nina Kosaka;Luca Kaneshiro;Ike Eveland;Vox Akuma;Uki Violeta;Alban Knox","","23","UTC -6","Yes"
"2023/05/21 6:28:13 PM MDT","Petra Gurin;Luca Kaneshiro;Shu Yamino;Sonny Brisko;Alban Knox;Maria Marionette;Kyo Kaneko;Aster Arcadia;Scarle Yonaguni;Ren Zotto;Doppio Dropscythe;Hex Haywire;Ver Vermillion","","15","UTC +7","Yes"
"2023/05/21 6:30:12 PM MDT","Enna Alouette;Fulgur Ovid;Doppio Dropscythe","","23","UTC +8","Yes"
"2023/05/21 6:30:48 PM MDT","Luca Kaneshiro;Shu Yamino;Ike Eveland;Mysta Rias;Vox Akuma;Sonny Brisko;Uki Violeta;Alban Knox;Fulgur Ovid","","27","UTC -5","Yes"
"2023/05/21 6:34:14 PM MDT","Vox Akuma;Aster Arcadia;Doppio Dropscythe;Hex Haywire;Ver Vermillion","","25","UTC -7","Yes"
"2023/05/21 6:39:05 PM MDT","Millie Parfait;Ike Eveland;Alban Knox;Kyo Kaneko","","19","UTC +2","Yes"
"2023/05/21 6:46:14 PM MDT","Luca Kaneshiro;Mysta Rias;Alban Knox","","29","UTC -7","Yes"
"2023/05/21 6:48:40 PM MDT","Fulgur Ovid;Doppio Dropscythe","","22","UTC +8","Yes"
"2023/05/21 6:51:25 PM MDT","Elira Pendora;Alban Knox","","17","UTC +10","Yes"
"2023/05/21 6:54:52 PM MDT","Elira Pendora;Selen Tatsuki;Uki Violeta;Alban Knox","","28","UTC -4","Yes"
"2023/05/21 6:57:14 PM MDT","Luca Kaneshiro;Shu Yamino;Vox Akuma;Uki Violeta;Kyo Kaneko;Aster Arcadia","","24","UTC -4","Yes"
"2023/05/21 6:57:33 PM MDT","Pomu Rainpuff;Elira Pendora;Petra Gurin;Selen Tatsuki;Enna Alouette;Sonny Brisko;Alban Knox;Maria Marionette;Kyo Kaneko;Ren Zotto;Doppio Dropscythe","","29","UTC +8","No"
"2023/05/21 6:58:01 PM MDT","Aia Amare;Scarle Yonaguni;Doppio Dropscythe","","17","UTC -4","Yes"
"2023/05/21 6:59:15 PM MDT","Elira Pendora;Petra Gurin;Enna Alouette;Shu Yamino","","19","UTC +7","Yes"
"2023/05/21 7:10:39 PM MDT","Luca Kaneshiro;Mysta Rias;Vox Akuma;Sonny Brisko;Fulgur Ovid;Kyo Kaneko;Doppio Dropscythe","","22","UTC +8","Yes"
"2023/05/21 7:11:59 PM MDT","Millie Parfait;Mysta Rias;Alban Knox","","","UTC +8","Yes"
"2023/05/21 7:12:14 PM MDT","Ike Eveland;Uki Violeta;Alban Knox;Ren Zotto;Doppio Dropscythe;Hex Haywire;Ver Vermillion","","25","UTC +0","Yes"
"2023/05/21 7:13:02 PM MDT","Rosemi Lovelock;Millie Parfait;Enna Alouette;Ike Eveland;Vox Akuma;Uki Violeta;Fulgur Ovid;Kyo Kaneko;Aster Arcadia;Ren Zotto;Doppio Dropscythe;Hex Haywire;Ver Vermillion","","26","UTC -4","Yes"
"2023/05/21 7:17:07 PM MDT","Elira Pendora;Selen Tatsuki;Alban Knox;Maria Marionette;Aia Amare","","24","UTC -8","Yes"
"2023/05/21 7:22:46 PM MDT","Vox Akuma","","27","UTC +8","No"
"2023/05/21 7:22:58 PM MDT","Elira Pendora;Enna Alouette;Luca Kaneshiro;Shu Yamino;Ike Eveland;Sonny Brisko;Uki Violeta;Ren Zotto;Ver Vermillion","","22","UTC +13/-11","Yes"
"2023/05/21 7:25:17 PM MDT","Ike Eveland;Vox Akuma","","21","UTC -8","Yes"
"2023/05/21 7:28:39 PM MDT","Pomu Rainpuff;Elira Pendora;Finana Ryugu;Nina Kosaka;Reimu Endou;Ike Eveland;Vox Akuma;Alban Knox;Fulgur Ovid;Maria Marionette;Aia Amare;Doppio Dropscythe;Kotoka Torahime;Ver Vermillion","","","UTC +13/-11","Yes"
"2023/05/21 7:29:48 PM MDT","Selen Tatsuki;Reimu Endou;Ike Eveland;Uki Violeta","","28","UTC -7","Yes"
"2023/05/21 7:30:02 PM MDT","Luca Kaneshiro;Shu Yamino","","24","","No"
"2023/05/21 7:32:13 PM MDT","Ike Eveland;Vox Akuma","","21","UTC -5","Yes"
"2023/05/21 7:32:46 PM MDT","Pomu Rainpuff;Elira Pendora;Ike Eveland","","24","UTC -4","Yes"
"2023/05/21 7:32:57 PM MDT","Millie Parfait;Enna Alouette;Fulgur Ovid","","23","UTC +7","No"
"2023/05/21 7:34:40 PM MDT","Ike Eveland;Vox Akuma","","18","UTC -3","Yes"
"2023/05/21 7:35:52 PM MDT","Ike Eveland","","","UTC +8","No"
"2023/05/21 7:37:45 PM MDT","Enna Alouette;Reimu Endou;Ike Eveland;Kyo Kaneko;Meloco Kyoran;Ver Vermillion","","18","UTC -5","Yes"
"2023/05/21 7:37:51 PM MDT","Ike Eveland","","13","UTC +8","Yes"
"2023/05/21 7:38:56 PM MDT","Finana Ryugu;Rosemi Lovelock;Nina Kosaka;Mysta Rias;Vox Akuma;Maria Marionette;Kyo Kaneko;Kotoka Torahime","","26","UTC -7","Yes"
"2023/05/21 7:39:19 PM MDT","Enna Alouette;Reimu Endou;Luca Kaneshiro;Shu Yamino;Ike Eveland;Mysta Rias;Vox Akuma;Fulgur Ovid;Maria Marionette","","29","UTC +7","Yes"
"2023/05/21 7:39:21 PM MDT","Vox Akuma;Fulgur Ovid","","23","UTC -4","Yes"
"2023/05/21 7:39:42 PM MDT","Pomu Rainpuff;Enna Alouette;Vox Akuma;Fulgur Ovid","","32","UTC -4","Yes"
"2023/05/21 7:40:05 PM MDT","Ike Eveland","","20","UTC +2","No"
"2023/05/21 7:41:53 PM MDT","Selen Tatsuki;Ike Eveland","","26","UTC +0","Yes"
"2023/05/21 7:43:15 PM MDT","Shu Yamino;Kyo Kaneko","","25","UTC -3","Yes"
"2023/05/21 7:43:37 PM MDT","Pomu Rainpuff;Shu Yamino;Mysta Rias","","25","UTC -8","Yes"
"2023/05/21 7:44:23 PM MDT","Elira Pendora;Ike Eveland","","20","UTC -5","Yes"
"2023/05/21 7:44:30 PM MDT","Millie Parfait;Enna Alouette;Luca Kaneshiro;Mysta Rias;Vox Akuma;Uki Violeta;Alban Knox;Kyo Kaneko;Aia Amare;Doppio Dropscythe","","19","UTC +10","Yes"
"2023/05/21 7:44:39 PM MDT","Reimu Endou;Luca Kaneshiro;Vox Akuma;Aia Amare;Scarle Yonaguni;Meloco Kyoran;Hex Haywire","","","UTC +8","Yes"
"2023/05/21 7:46:09 PM MDT","Selen Tatsuki;Millie Parfait;Enna Alouette;Sonny Brisko;Fulgur Ovid","","25","UTC -4","Yes"
"2023/05/21 7:48:49 PM MDT","Selen Tatsuki;Ike Eveland;Vox Akuma;Sonny Brisko;Alban Knox;Fulgur Ovid;Aia Amare","","19","UTC -7","Yes"
"2023/05/21 7:52:09 PM MDT","Uki Violeta;Ver Vermillion","","28","UTC +8","No"
"2023/05/21 7:53:08 PM MDT","Reimu Endou;Ike Eveland;Uki Violeta;Kyo Kaneko","","18","UTC +8","Yes"
"2023/05/21 7:54:08 PM MDT","Reimu Endou;Ike Eveland","","20","UTC +7","No"
"2023/05/21 8:08:04 PM MDT","Ike Eveland;Sonny Brisko","","20","UTC -5","Yes"
"2023/05/21 8:08:16 PM MDT","Pomu Rainpuff;Elira Pendora;Finana Ryugu;Enna Alouette;Shu Yamino;Kyo Kaneko;Aia Amare","","22","UTC -6","Yes"
"2023/05/21 8:09:40 PM MDT","Luca Kaneshiro;Shu Yamino;Mysta Rias;Sonny Brisko;Uki Violeta;Alban Knox;Hex Haywire","","26","UTC -9","Yes"
"2023/05/21 8:10:59 PM MDT","Ike Eveland;Uki Violeta","","21","UTC -6","Yes"
"2023/05/21 8:12:31 PM MDT","Vox Akuma","","27","UTC +8","No"
"2023/05/21 8:14:18 PM MDT","Ike Eveland;Vox Akuma;Alban Knox;Fulgur Ovid;Maria Marionette;Kyo Kaneko;Ren Zotto","","32","UTC -6","Yes"
"2023/05/21 8:19:05 PM MDT","Luca Kaneshiro;Ike Eveland;Mysta Rias;Vox Akuma;Uki Violeta;Kyo Kaneko;Ren Zotto;Doppio Dropscythe;Hex Haywire","","28","UTC -4","Yes"
"2023/05/21 8:19:29 PM MDT","Elira Pendora;Rosemi Lovelock;Petra Gurin;Selen Tatsuki;Luca Kaneshiro;Mysta Rias;Alban Knox;Kyo Kaneko;Doppio Dropscythe;Meloco Kyoran;Hex Haywire;Kotoka Torahime;Ver Vermillion","","18","UTC +1","Yes"
"2023/05/21 8:21:19 PM MDT","Mysta Rias;Alban Knox;Doppio Dropscythe","","22","UTC -5","Yes"
"2023/05/21 8:22:21 PM MDT","Ike Eveland;Alban Knox;Aia Amare;Doppio Dropscythe;Kotoka Torahime;Ver Vermillion","","22","UTC +7","Yes"
"2023/05/21 8:22:34 PM MDT","Pomu Rainpuff;Enna Alouette;Luca Kaneshiro;Vox Akuma;Doppio Dropscythe;Hex Haywire","","28","UTC -5","Yes"
"2023/05/21 8:22:40 PM MDT","Millie Parfait;Enna Alouette;Ike Eveland;Mysta Rias;Kyo Kaneko","","19","UTC +11","Yes"
"2023/05/21 8:26:24 PM MDT","Fulgur Ovid","","25","UTC +8","Yes"
"2023/05/21 8:27:08 PM MDT","Ike Eveland;Uki Violeta;Fulgur Ovid","","26","UTC +0","Yes"
"2023/05/21 8:27:15 PM MDT","Pomu Rainpuff;Elira Pendora;Finana Ryugu;Selen Tatsuki;Luca Kaneshiro;Ike Eveland;Mysta Rias;Vox Akuma;Uki Violeta;Kyo Kaneko;Aster Arcadia;Ren Zotto;Ver Vermillion","","19","UTC -5","Yes"
"2023/05/21 8:28:33 PM MDT","Finana Ryugu;Enna Alouette;Luca Kaneshiro;Shu Yamino;Uki Violeta;Kyo Kaneko;Ren Zotto","","19","UTC -5","Yes"
"2023/05/21 8:28:40 PM MDT","Rosemi Lovelock;Selen Tatsuki;Millie Parfait;Enna Alouette;Luca Kaneshiro;Shu Yamino;Ike Eveland;Mysta Rias;Vox Akuma;Fulgur Ovid;Maria Marionette;Kyo Kaneko;Scarle Yonaguni;Doppio Dropscythe","","20","UTC +8","Yes"
"2023/05/21 8:29:28 PM MDT","Alban Knox;Doppio Dropscythe","","30","UTC -5","Yes"
"2023/05/21 8:31:59 PM MDT","Ike Eveland;Vox Akuma","","21","UTC -5","Yes"
"2023/05/21 8:37:15 PM MDT","Selen Tatsuki;Enna Alouette;Luca Kaneshiro;Shu Yamino;Mysta Rias;Sonny Brisko;Uki Violeta;Alban Knox;Fulgur Ovid;Doppio Dropscythe;Hex Haywire;Ver Vermillion","","22","","No"
"2023/05/21 8:37:33 PM MDT","Enna Alouette;Luca Kaneshiro;Shu Yamino;Ike Eveland;Mysta Rias;Vox Akuma;Sonny Brisko;Uki Violeta;Alban Knox;Maria Marionette;Aia Amare;Aster Arcadia;Ren Zotto;Doppio Dropscythe;Hex Haywire;Kotoka Torahime;Ver Vermillion","","23","UTC -5","Yes"
"2023/05/21 8:41:50 PM MDT","Petra Gurin;Enna Alouette;Shu Yamino;Mysta Rias;Sonny Brisko;Scarle Yonaguni","","28","UTC -5","Yes"
"2023/05/21 8:42:24 PM MDT","Shu Yamino;Ike Eveland","","22","UTC +8","Yes"
"2023/05/21 8:45:56 PM MDT","Nina Kosaka;Enna Alouette;Luca Kaneshiro;Shu Yamino;Ike Eveland;Mysta Rias;Vox Akuma;Sonny Brisko;Uki Violeta;Alban Knox;Fulgur Ovid;Maria Marionette;Kyo Kaneko;Aster Arcadia;Scarle Yonaguni;Ren Zotto;Doppio Dropscythe","","18","UTC -4","Yes"
"2023/05/21 8:46:12 PM MDT","Enna Alouette;Ike Eveland;Mysta Rias;Kyo Kaneko;Doppio Dropscythe","","19","UTC -5","Yes"
"2023/05/21 8:47:12 PM MDT","Selen Tatsuki;Shu Yamino;Vox Akuma;Sonny Brisko;Doppio Dropscythe","","18","UTC +7","No"
"2023/05/21 8:51:58 PM MDT","Mysta Rias;Uki Violeta;Fulgur Ovid","","24","UTC +2","Yes"
"2023/05/21 8:54:10 PM MDT","Petra Gurin;Ike Eveland;Fulgur Ovid","","20","UTC -3","Yes"
"2023/05/21 8:54:46 PM MDT","Luca Kaneshiro;Shu Yamino;Ike Eveland;Mysta Rias;Vox Akuma;Alban Knox","","22","UTC -4","Yes"
"2023/05/21 8:59:40 PM MDT","Pomu Rainpuff;Elira Pendora;Rosemi Lovelock;Selen Tatsuki;Enna Alouette;Luca Kaneshiro;Shu Yamino;Uki Violeta;Maria Marionette;Doppio Dropscythe","","19","UTC -5","Yes"
"2023/05/21 9:01:22 PM MDT","Ike Eveland","","19","UTC +12","Yes"
"2023/05/21 9:01:23 PM MDT","Pomu Rainpuff;Elira Pendora;Selen Tatsuki;Millie Parfait;Enna Alouette;Meloco Kyoran","","","","Yes"
"2023/05/21 9:08:18 PM MDT","Luca Kaneshiro;Vox Akuma;Aster Arcadia","","18","UTC -5","Yes"
"2023/05/21 9:13:47 PM MDT","Luca Kaneshiro;Sonny Brisko;Alban Knox;Maria Marionette;Ren Zotto;Doppio Dropscythe","","30","UTC +8","Yes"
"2023/05/21 9:15:11 PM MDT","Vox Akuma","","39","UTC +8","No"
"2023/05/21 9:23:33 PM MDT","Elira Pendora;Finana Ryugu;Selen Tatsuki;Nina Kosaka;Millie Parfait;Enna Alouette;Reimu Endou;Luca Kaneshiro;Ike Eveland;Sonny Brisko;Uki Violeta;Alban Knox;Fulgur Ovid;Kyo Kaneko;Ren Zotto;Doppio Dropscythe;Ver Vermillion","","26","UTC -8","Yes"
"2023/05/21 9:23:45 PM MDT","Luca Kaneshiro;Vox Akuma","","21","UTC -5","Yes"
"2023/05/21 9:32:40 PM MDT","Luca Kaneshiro;Shu Yamino;Mysta Rias;Alban Knox;Maria Marionette;Kyo Kaneko","","18","UTC +5","Yes"
"2023/05/21 9:33:13 PM MDT","Selen Tatsuki;Nina Kosaka;Luca Kaneshiro;Shu Yamino;Ike Eveland;Vox Akuma;Uki Violeta;Alban Knox;Fulgur Ovid;Maria Marionette;Scarle Yonaguni;Doppio Dropscythe","","20","UTC -5","Yes"
"2023/05/21 9:37:53 PM MDT","Selen Tatsuki;Enna Alouette;Reimu Endou;Ike Eveland;Mysta Rias;Kyo Kaneko","","16","UTC -4","Yes"
"2023/05/21 9:39:27 PM MDT","Fulgur Ovid","","20","UTC +8","Yes"
"2023/05/21 9:41:45 PM MDT","Shu Yamino;Uki Violeta;Meloco Kyoran;Ver Vermillion","","19","UTC +7","Yes"
"2023/05/21 9:44:24 PM MDT","Pomu Rainpuff;Elira Pendora;Petra Gurin;Millie Parfait;Enna Alouette;Shu Yamino;Mysta Rias;Alban Knox;Maria Marionette;Kyo Kaneko;Aster Arcadia;Ver Vermillion","","18","UTC +7","Yes"
"2023/05/21 9:51:44 PM MDT","Luca Kaneshiro;Ike Eveland;Vox Akuma","","","UTC +7","Yes"
"2023/05/21 9:53:50 PM MDT","Mysta Rias;Aster Arcadia;Doppio Dropscythe","","18","UTC -6","Yes"
"2023/05/21 9:54:39 PM MDT","Ike Eveland","","21","UTC -4","Yes"
"2023/05/21 9:57:55 PM MDT","Alban Knox","","22","UTC -7","No"
"2023/05/21 10:00:56 PM MDT","Elira Pendora;Selen Tatsuki;Enna Alouette;Shu Yamino;Fulgur Ovid","","19","UTC +1","Yes"
"2023/05/21 10:11:32 PM MDT","Luca Kaneshiro;Shu Yamino","","25","UTC -8","Yes"
"2023/05/21 10:21:31 PM MDT","Shu Yamino;Mysta Rias","","31","UTC -4","Yes"
"2023/05/21 10:23:19 PM MDT","Pomu Rainpuff;Luca Kaneshiro","","24","UTC -6","Yes"
"2023/05/21 10:23:21 PM MDT","Uki Violeta;Fulgur Ovid","","25","UTC -6","No"
"2023/05/21 10:25:49 PM MDT","Luca Kaneshiro;Shu Yamino;Ike Eveland;Fulgur Ovid;Ren Zotto","","23","UTC +7","Yes"
"2023/05/21 10:26:45 PM MDT","Millie Parfait;Enna Alouette;Luca Kaneshiro;Shu Yamino;Vox Akuma;Uki Violeta;Alban Knox;Fulgur Ovid;Doppio Dropscythe","","29","UTC -5","Yes"
"2023/05/21 10:29:08 PM MDT","Luca Kaneshiro;Fulgur Ovid","","18","UTC -6","No"
"2023/05/21 10:34:02 PM MDT","Enna Alouette;Kyo Kaneko;Scarle Yonaguni;Meloco Kyoran;Hex Haywire","","20","UTC +7","No"
"2023/05/21 10:37:37 PM MDT","Vox Akuma;Kyo Kaneko","","16","UTC +10","Yes"
"2023/05/21 10:38:08 PM MDT","Pomu Rainpuff;Elira Pendora","","20","UTC -8","Yes"
"2023/05/21 10:41:08 PM MDT","Luca Kaneshiro;Ike Eveland;Vox Akuma;Fulgur Ovid;Ren Zotto","","17","UTC -8","Yes"
"2023/05/21 10:47:07 PM MDT","Elira Pendora;Reimu Endou;Ike Eveland;Vox Akuma;Sonny Brisko","","24","UTC -3","Yes"
"2023/05/21 10:55:15 PM MDT","Vox Akuma;Uki Violeta;Fulgur Ovid","","22","UTC +8","Yes"
"2023/05/21 10:56:34 PM MDT","Vox Akuma;Uki Violeta;Doppio Dropscythe","","19","UTC +8","Yes"
"2023/05/21 11:00:54 PM MDT","Millie Parfait;Enna Alouette;Reimu Endou;Ike Eveland;Vox Akuma;Alban Knox;Fulgur Ovid;Maria Marionette;Aia Amare;Doppio Dropscythe;Kotoka Torahime;Ver Vermillion","","30","UTC +8","Yes"
"2023/05/21 11:03:04 PM MDT","Millie Parfait;Shu Yamino;Uki Violeta;Fulgur Ovid;Kotoka Torahime","","","UTC +8","Yes"
"2023/05/21 11:05:51 PM MDT","Pomu Rainpuff;Ike Eveland;Mysta Rias;Vox Akuma;Uki Violeta;Alban Knox;Fulgur Ovid","","","UTC -4","Yes"
"2023/05/21 11:11:39 PM MDT","Selen Tatsuki;Ike Eveland;Fulgur Ovid","","16","UTC +8","Yes"
"2023/05/21 11:17:54 PM MDT","Selen Tatsuki;Enna Alouette;Luca Kaneshiro;Shu Yamino;Ike Eveland;Mysta Rias;Alban Knox;Fulgur Ovid;Maria Marionette;Kyo Kaneko;Aia Amare;Scarle Yonaguni;Ren Zotto","","16","UTC +7","Yes"
"2023/05/21 11:22:48 PM MDT","Pomu Rainpuff;Rosemi Lovelock;Petra Gurin;Enna Alouette;Mysta Rias;Vox Akuma;Uki Violeta;Maria Marionette;Doppio Dropscythe","","19","UTC -8","Yes"
"2023/05/21 11:26:29 PM MDT","Luca Kaneshiro;Mysta Rias;Vox Akuma;Kyo Kaneko;Aster Arcadia;Scarle Yonaguni;Hex Haywire","","18","UTC -5","Yes"
"2023/05/21 11:28:37 PM MDT","Selen Tatsuki;Millie Parfait;Ike Eveland;Vox Akuma;Aia Amare;Aster Arcadia;Meloco Kyoran;Kotoka Torahime","","22","UTC +8","Yes"
"2023/05/21 11:34:06 PM MDT","Rosemi Lovelock;Selen Tatsuki;Nina Kosaka;Millie Parfait;Enna Alouette;Ike Eveland;Fulgur Ovid","","19","UTC -7","Yes"
"2023/05/21 11:35:21 PM MDT","Selen Tatsuki;Millie Parfait;Enna Alouette;Luca Kaneshiro;Shu Yamino;Ike Eveland;Mysta Rias;Vox Akuma;Fulgur Ovid;Doppio Dropscythe","","18","UTC +2","Yes"
"2023/05/21 11:50:39 PM MDT","Ike Eveland;Vox Akuma;Ren Zotto;Hex Haywire","","20","UTC +8","No"
"2023/05/21 11:58:49 PM MDT","Luca Kaneshiro;Shu Yamino;Mysta Rias;Ren Zotto;Doppio Dropscythe","","21","UTC +9","Yes"
"2023/05/22 12:01:48 AM MDT","Petra Gurin;Shu Yamino;Ike Eveland;Sonny Brisko;Uki Violeta;Doppio Dropscythe;Hex Haywire","","18","UTC -7","Yes"
"2023/05/22 12:03:40 AM MDT","Mysta Rias;Vox Akuma;Kyo Kaneko","","20","UTC -7","Yes"
"2023/05/22 12:18:58 AM MDT","Reimu Endou;Ike Eveland","","25","UTC +8","Yes"
"2023/05/22 12:20:24 AM MDT","Pomu Rainpuff;Selen Tatsuki;Vox Akuma;Kyo Kaneko;Scarle Yonaguni","","29","UTC -7","Yes"
"2023/05/22 12:34:03 AM MDT","Enna Alouette;Shu Yamino;Ike Eveland","","23","UTC +8","Yes"
"2023/05/22 12:37:23 AM MDT","Petra Gurin;Alban Knox;Maria Marionette;Ver Vermillion","","20","UTC -3","Yes"
"2023/05/22 12:37:36 AM MDT","Pomu Rainpuff;Rosemi Lovelock;Luca Kaneshiro;Shu Yamino;Ike Eveland;Mysta Rias;Vox Akuma;Uki Violeta;Aster Arcadia;Doppio Dropscythe;Hex Haywire;Kotoka Torahime;Ver Vermillion","","19","UTC +8","No"
"2023/05/22 12:47:17 AM MDT","Doppio Dropscythe","","27","UTC -7","Yes"
"2023/05/22 12:59:41 AM MDT","Shu Yamino;Ike Eveland;Uki Violeta;Aster Arcadia;Doppio Dropscythe;Ver Vermillion","","18","UTC +7","Yes"
"2023/05/22 1:12:39 AM MDT","Ike Eveland;Vox Akuma;Uki Violeta;Alban Knox;Kyo Kaneko;Ver Vermillion","","28","UTC +7","Yes"
"2023/05/22 1:25:23 AM MDT","Vox Akuma;Uki Violeta;Fulgur Ovid","","24","UTC -8","Yes"
"2023/05/22 1:36:38 AM MDT","Selen Tatsuki;Shu Yamino;Ike Eveland","","21","UTC +7","Yes"
"2023/05/22 1:46:01 AM MDT","Luca Kaneshiro;Shu Yamino;Sonny Brisko","","19","UTC -8","Yes"
"2023/05/22 2:08:33 AM MDT","Enna Alouette;Ike Eveland;Fulgur Ovid;Kyo Kaneko;Aia Amare;Doppio Dropscythe","","21","UTC +7","Yes"
"2023/05/22 2:14:24 AM MDT","Pomu Rainpuff;Elira Pendora;Enna Alouette;Reimu Endou;Luca Kaneshiro;Shu Yamino;Ike Eveland;Mysta Rias;Vox Akuma;Uki Violeta;Hex Haywire","","19","UTC -8","Yes"
"2023/05/22 2:22:41 AM MDT","Mysta Rias;Alban Knox","","29","UTC +8","No"
"2023/05/22 2:34:17 AM MDT","Millie Parfait;Mysta Rias;Doppio Dropscythe","","","","Yes"
"2023/05/22 2:50:32 AM MDT","Pomu Rainpuff;Enna Alouette;Vox Akuma;Uki Violeta","","","","Yes"
"2023/05/22 2:50:54 AM MDT","Ike Eveland","","","UTC +8","Yes"
"2023/05/22 3:02:08 AM MDT","Nina Kosaka;Luca Kaneshiro;Vox Akuma;Aia Amare;Scarle Yonaguni;Doppio Dropscythe;Hex Haywire","","25","UTC -3","No"
"2023/05/22 3:12:25 AM MDT","Luca Kaneshiro;Mysta Rias","","25","UTC -5","Yes"
"2023/05/22 3:19:50 AM MDT","Sonny Brisko;Maria Marionette;Ren Zotto","","28","UTC -7","Yes"
"2023/05/22 3:33:48 AM MDT","Vox Akuma;Fulgur Ovid","","24","UTC +8","No"
"2023/05/22 3:48:43 AM MDT","Kyo Kaneko;Ren Zotto","","26","UTC +7","Yes"
"2023/05/22 3:49:58 AM MDT","Kyo Kaneko;Ren Zotto","","25","UTC +7","Yes"
"2023/05/22 3:51:11 AM MDT","Pomu Rainpuff;Elira Pendora;Selen Tatsuki;Millie Parfait;Enna Alouette;Shu Yamino;Ike Eveland","","20","UTC -4","Yes"
"2023/05/22 3:58:47 AM MDT","Millie Parfait;Reimu Endou;Luca Kaneshiro;Ike Eveland;Mysta Rias;Alban Knox;Kyo Kaneko","","19","UTC +8","Yes"
"2023/05/22 4:00:20 AM MDT","Aster Arcadia;Ren Zotto;Hex Haywire;Ver Vermillion","","18","UTC +8","Yes"
"2023/05/22 4:00:43 AM MDT","Uki Violeta;Fulgur Ovid;Kyo Kaneko","","21","UTC +7","Yes"
"2023/05/22 4:07:38 AM MDT","Ike Eveland;Alban Knox;Fulgur Ovid;Aia Amare","","18","UTC +7","Yes"
"2023/05/22 4:13:49 AM MDT","Elira Pendora;Selen Tatsuki;Millie Parfait;Mysta Rias;Fulgur Ovid;Doppio Dropscythe","","26","UTC +8","Yes"
"2023/05/22 4:13:55 AM MDT","Selen Tatsuki;Millie Parfait;Shu Yamino;Ike Eveland;Vox Akuma;Sonny Brisko;Uki Violeta;Alban Knox;Fulgur Ovid;Ren Zotto;Doppio Dropscythe","","17","UTC +8","Yes"
"2023/05/22 4:15:17 AM MDT","Pomu Rainpuff;Selen Tatsuki;Enna Alouette;Luca Kaneshiro;Shu Yamino;Sonny Brisko;Kyo Kaneko;Aster Arcadia;Ren Zotto;Doppio Dropscythe;Hex Haywire","","23","UTC -7","Yes"
"2023/05/22 4:19:57 AM MDT","Rosemi Lovelock;Luca Kaneshiro;Alban Knox;Doppio Dropscythe;Meloco Kyoran;Kotoka Torahime","","21","UTC +4","Yes"
"2023/05/22 4:24:54 AM MDT","Enna Alouette;Luca Kaneshiro;Sonny Brisko;Doppio Dropscythe","","19","UTC +8","Yes"
"2023/05/22 4:26:31 AM MDT","Luca Kaneshiro;Shu Yamino;Uki Violeta;Kyo Kaneko;Aia Amare","","20","UTC -4","Yes"
"2023/05/22 4:32:47 AM MDT","Elira Pendora;Petra Gurin;Millie Parfait;Enna Alouette;Ike Eveland;Doppio Dropscythe","","18","UTC +8","Yes"
"2023/05/22 4:52:03 AM MDT","Elira Pendora;Shu Yamino;Alban Knox;Ren Zotto","","20","","Yes"
"2023/05/22 4:56:44 AM MDT","Selen Tatsuki;Enna Alouette;Mysta Rias;Vox Akuma;Fulgur Ovid","","35","UTC +8","No"
"2023/05/22 5:07:03 AM MDT","Mysta Rias;Vox Akuma;Kyo Kaneko","","","UTC -5","Yes"
"2023/05/22 5:09:07 AM MDT","Ike Eveland;Mysta Rias;Vox Akuma;Uki Violeta;Maria Marionette;Aia Amare;Aster Arcadia","","20","","Yes"
"2023/05/22 5:14:33 AM MDT","Ike Eveland","","15","UTC +14/-10","Yes"
"2023/05/22 5:22:39 AM MDT","Selen Tatsuki;Luca Kaneshiro;Shu Yamino;Ike Eveland;Mysta Rias;Vox Akuma;Sonny Brisko;Uki Violeta;Fulgur Ovid;Ren Zotto;Doppio Dropscythe;Hex Haywire","","18","UTC +7","Yes"
"2023/05/22 5:32:24 AM MDT","Vox Akuma;Fulgur Ovid;Doppio Dropscythe","","26","UTC +8","Yes"
"2023/05/22 5:40:35 AM MDT","Vox Akuma;Ver Vermillion","","20","UTC +8","Yes"
"2023/05/22 5:44:53 AM MDT","Elira Pendora;Rosemi Lovelock;Millie Parfait;Luca Kaneshiro;Alban Knox;Kyo Kaneko","","22","UTC +8","Yes"
"2023/05/22 6:22:32 AM MDT","Shu Yamino;Ike Eveland","","23","UTC -4","Yes"
"2023/05/22 6:30:02 AM MDT","Finana Ryugu;Petra Gurin;Selen Tatsuki;Millie Parfait;Ike Eveland;Mysta Rias;Sonny Brisko","","24","UTC +8","Yes"
"2023/05/22 6:38:20 AM MDT","Selen Tatsuki;Millie Parfait;Enna Alouette;Reimu Endou;Luca Kaneshiro;Mysta Rias;Fulgur Ovid;Kyo Kaneko","","17","UTC +8","Yes"
"2023/05/22 6:49:27 AM MDT","Shu Yamino","","22","UTC +8","Yes"
"2023/05/22 7:02:27 AM MDT","Elira Pendora;Shu Yamino;Sonny Brisko;Doppio Dropscythe","","","UTC -5","Yes"
"2023/05/22 7:14:01 AM MDT","Pomu Rainpuff;Elira Pendora;Selen Tatsuki;Millie Parfait;Enna Alouette;Reimu Endou;Luca Kaneshiro;Shu Yamino;Ike Eveland;Mysta Rias;Vox Akuma;Sonny Brisko;Uki Violeta;Alban Knox;Fulgur Ovid;Maria Marionette;Kyo Kaneko;Ren Zotto;Doppio Dropscythe;Kotoka Torahime","","28","UTC +8","No"
"2023/05/22 7:16:49 AM MDT","Luca Kaneshiro;Uki Violeta;Fulgur Ovid;Kyo Kaneko;Doppio Dropscythe","","24","UTC +8","Yes"
"2023/05/22 7:41:10 AM MDT","Selen Tatsuki;Millie Parfait;Enna Alouette;Shu Yamino;Doppio Dropscythe;Ver Vermillion","","18","UTC +8","Yes"
"2023/05/22 8:50:40 AM MDT","Elira Pendora;Petra Gurin;Shu Yamino;Ike Eveland;Sonny Brisko;Alban Knox;Ver Vermillion","","22","UTC -4","Yes"
"2023/05/22 9:18:24 AM MDT","Mysta Rias;Uki Violeta;Fulgur Ovid;Ren Zotto","","26","UTC +8","No"
"2023/05/22 9:34:16 AM MDT","Luca Kaneshiro;Mysta Rias;Vox Akuma;Fulgur Ovid;Scarle Yonaguni;Ren Zotto;Doppio Dropscythe;Hex Haywire;Ver Vermillion","","18","UTC +8","Yes"
"2023/05/22 10:32:09 AM MDT","Elira Pendora;Petra Gurin;Enna Alouette;Shu Yamino;Uki Violeta;Fulgur Ovid;Kyo Kaneko;Doppio Dropscythe","","25","UTC +8","Yes"
"2023/05/22 10:41:51 AM MDT","Elira Pendora;Petra Gurin;Ike Eveland;Fulgur Ovid;Scarle Yonaguni;Doppio Dropscythe","","20","UTC -6","Yes"
"2023/05/22 10:46:13 AM MDT","Mysta Rias;Uki Violeta","","","UTC -8","Yes"
"2023/05/22 10:53:45 AM MDT","Millie Parfait;Enna Alouette;Kyo Kaneko","","23","UTC +8","Yes"
"2023/05/22 11:06:01 AM MDT","Vox Akuma","","","UTC +8","No"
"2023/05/22 11:07:47 AM MDT","Shu Yamino;Ike Eveland","","16","UTC -5","Yes"
"2023/05/22 11:07:58 AM MDT","Shu Yamino;Ike Eveland;Mysta Rias;Alban Knox;Doppio Dropscythe","","18","UTC -6","Yes"
"2023/05/22 11:17:17 AM MDT","Pomu Rainpuff;Selen Tatsuki;Luca Kaneshiro;Shu Yamino;Kyo Kaneko","","19","UTC -5","Yes"
"2023/05/22 11:21:15 AM MDT","Kyo Kaneko","","15","UTC -5","Yes"
"2023/05/22 11:27:00 AM MDT","Ike Eveland;Vox Akuma;Hex Haywire;Ver Vermillion","","15","UTC +8","Yes"
"2023/05/22 11:43:33 AM MDT","Luca Kaneshiro;Vox Akuma;Doppio Dropscythe","Female","19","UTC -7","Yes"
"2023/05/22 11:48:54 AM MDT","Doppio Dropscythe","Female","28","UTC -3","Yes"
"2023/05/22 11:49:40 AM MDT","Pomu Rainpuff;Alban Knox;Fulgur Ovid;Doppio Dropscythe","Male","27","UTC -8","Yes"
"2023/05/22 11:50:32 AM MDT","Ike Eveland;Doppio Dropscythe;Meloco Kyoran;Ver Vermillion","Male","34","UTC +7","No"
"2023/05/22 11:52:28 AM MDT","Luca Kaneshiro;Kyo Kaneko;Doppio Dropscythe","Female","18","UTC -4","Yes"
"2023/05/22 11:52:52 AM MDT","Vox Akuma;Doppio Dropscythe","Non-binary","19","UTC -5","Yes"
"2023/05/22 11:57:53 AM MDT","Luca Kaneshiro;Fulgur Ovid;Aia Amare;Doppio Dropscythe","Non-binary","20","UTC -5","Yes"
"2023/05/22 12:03:32 PM MDT","Luca Kaneshiro;Fulgur Ovid;Doppio Dropscythe","I dont even know anymore","19","UTC +0","Yes"
"2023/05/22 12:05:25 PM MDT","Shu Yamino;Ike Eveland;Uki Violeta;Kyo Kaneko;Aster Arcadia","Non-binary","22","UTC +3","Yes"
"2023/05/22 12:15:02 PM MDT","Elira Pendora;Selen Tatsuki;Millie Parfait;Enna Alouette;Ike Eveland;Sonny Brisko;Aia Amare;Ver Vermillion","Male","22","UTC +8","Yes"
"2023/05/22 12:24:33 PM MDT","Aster Arcadia;Doppio Dropscythe","Female","21","UTC +8","Yes"
"2023/05/22 12:36:34 PM MDT","Alban Knox;Doppio Dropscythe","Male","19","UTC -4","Yes"
"2023/05/22 12:44:27 PM MDT","Pomu Rainpuff;Millie Parfait;Shu Yamino;Ike Eveland;Mysta Rias;Vox Akuma;Ver Vermillion","Male","","UTC +1","Yes"
"2023/05/22 12:50:14 PM MDT","Fulgur Ovid;Kyo Kaneko;Doppio Dropscythe","Female","24","UTC -4","Yes"
"2023/05/22 12:56:07 PM MDT","Luca Kaneshiro;Mysta Rias;Vox Akuma;Alban Knox;Kyo Kaneko;Ren Zotto;Doppio Dropscythe","Female","19","UTC -5","Yes"
"2023/05/22 1:17:21 PM MDT","Pomu Rainpuff;Elira Pendora;Finana Ryugu;Selen Tatsuki;Millie Parfait;Ike Eveland;Mysta Rias;Vox Akuma;Sonny Brisko;Fulgur Ovid;Ren Zotto","Female","22","UTC +8","Yes"
"2023/05/22 1:35:12 PM MDT","Elira Pendora;Ike Eveland;Uki Violeta;Fulgur Ovid;Aia Amare;Doppio Dropscythe","Female","21","UTC -3","Yes"
"2023/05/22 1:42:23 PM MDT","Selen Tatsuki;Shu Yamino","Female","16","UTC -4","Yes"
"2023/05/22 1:46:41 PM MDT","Doppio Dropscythe","Female","23","UTC +5","Yes"
"2023/05/22 1:57:14 PM MDT","Millie Parfait;Enna Alouette;Mysta Rias;Alban Knox;Fulgur Ovid","Female","28","UTC +8","Yes"
"2023/05/22 2:02:17 PM MDT","Mysta Rias;Sonny Brisko;Fulgur Ovid;Doppio Dropscythe","Non-binary","20","UTC +2","Yes"
"2023/05/22 2:08:26 PM MDT","Luca Kaneshiro;Vox Akuma;Kyo Kaneko;Aia Amare;Doppio Dropscythe","Female","27","UTC -6","Yes"
"2023/05/22 3:26:22 PM MDT","Millie Parfait;Luca Kaneshiro;Shu Yamino;Ike Eveland;Mysta Rias;Vox Akuma;Uki Violeta;Kyo Kaneko","Non-binary","20","UTC +8","Yes"
"2023/05/22 3:29:26 PM MDT","Aster Arcadia;Doppio Dropscythe","Female","26","UTC -3","No"
"2023/05/22 3:39:16 PM MDT","Pomu Rainpuff;Elira Pendora;Selen Tatsuki;Enna Alouette;Reimu Endou;Luca Kaneshiro;Shu Yamino;Uki Violeta;Fulgur Ovid;Maria Marionette;Doppio Dropscythe;Kotoka Torahime","Female","21","UTC -7","Yes"
"2023/05/22 4:06:52 PM MDT","Doppio Dropscythe","Non-binary","21","UTC -7","Yes"
"2023/05/22 4:13:55 PM MDT","Uki Violeta;Fulgur Ovid","Female","","UTC -8","Yes"
"2023/05/22 4:45:42 PM MDT","Pomu Rainpuff;Elira Pendora;Petra Gurin;Shu Yamino;Uki Violeta;Fulgur Ovid","Female","22","UTC -8","Yes"
"2023/05/22 5:40:10 PM MDT","Doppio Dropscythe","Female","35","UTC -8","Yes"
"2023/05/22 6:23:49 PM MDT","Enna Alouette;Luca Kaneshiro;Shu Yamino;Uki Violeta;Maria Marionette;Kyo Kaneko;Ren Zotto;Doppio Dropscythe","Female","17","UTC -7","Yes"
"2023/05/22 7:02:23 PM MDT","Pomu Rainpuff;Luca Kaneshiro;Shu Yamino;Uki Violeta;Maria Marionette;Aster Arcadia","Non-binary","17","UTC -6","Yes"
"2023/05/22 7:40:49 PM MDT","Fulgur Ovid","","22","UTC -7","No"
"2023/05/22 8:07:24 PM MDT","Nina Kosaka;Mysta Rias;Vox Akuma","Female","21","UTC -4","Yes"
"2023/05/22 9:15:20 PM MDT","Rosemi Lovelock;Luca Kaneshiro;Mysta Rias;Vox Akuma;Uki Violeta;Fulgur Ovid;Kyo Kaneko;Doppio Dropscythe;Kotoka Torahime","Female","22","UTC -3","Yes"
"2023/05/22 9:15:33 PM MDT","Luca Kaneshiro;Shu Yamino;Uki Violeta","Non-binary","26","UTC -4","Yes"
"2023/05/22 9:25:31 PM MDT","Shu Yamino;Ike Eveland;Kotoka Torahime","Female","22","UTC +3","No"
"2023/05/22 9:31:56 PM MDT","Millie Parfait;Luca Kaneshiro;Uki Violeta;Doppio Dropscythe","Female","","UTC -7","Yes"
"2023/05/22 9:50:05 PM MDT","Fulgur Ovid;Doppio Dropscythe","Female","23","UTC +8","No"
"2023/05/22 10:02:56 PM MDT","Ike Eveland;Vox Akuma","Female","19","UTC +8","Yes"
"2023/05/22 10:10:23 PM MDT","Luca Kaneshiro;Shu Yamino;Vox Akuma","Male","22","UTC -5","Yes"
"2023/05/22 10:10:48 PM MDT","Vox Akuma","Female","18","UTC +6","No"
"2023/05/22 10:35:19 PM MDT","Millie Parfait;Enna Alouette;Luca Kaneshiro;Mysta Rias;Vox Akuma;Kyo Kaneko","Female","20","UTC -5","Yes"
"2023/05/23 12:02:12 AM MDT","Mysta Rias;Sonny Brisko;Doppio Dropscythe","Female","32","UTC +8","No"
"2023/05/23 12:31:21 AM MDT","Enna Alouette;Sonny Brisko;Uki Violeta;Alban Knox;Fulgur Ovid;Kyo Kaneko","Female","","","No"
"2023/05/23 12:54:09 AM MDT","Selen Tatsuki;Reimu Endou;Shu Yamino;Ike Eveland;Vox Akuma;Uki Violeta","","","UTC +7","Yes"
"2023/05/23 1:37:24 AM MDT","Ike Eveland;Sonny Brisko;Fulgur Ovid;Maria Marionette;Doppio Dropscythe;Ver Vermillion","Female","18","UTC +7","Yes"
"2023/05/23 2:10:15 AM MDT","Pomu Rainpuff;Luca Kaneshiro;Shu Yamino;Ike Eveland;Mysta Rias;Uki Violeta;Fulgur Ovid;Doppio Dropscythe;Ver Vermillion","Non-binary","18","UTC -8","Yes"
"2023/05/23 3:25:45 AM MDT","Luca Kaneshiro;Sonny Brisko;Uki Violeta;Ren Zotto;Doppio Dropscythe","Female","18","UTC +3","Yes"
"2023/05/23 6:15:19 AM MDT","Selen Tatsuki;Enna Alouette;Mysta Rias;Alban Knox;Kyo Kaneko;Doppio Dropscythe","Non-binary","18","UTC +8","Yes"
"2023/05/23 7:46:45 AM MDT","Elira Pendora;Ike Eveland","Female","20","UTC +6","No"
"2023/05/23 10:29:54 AM MDT","Selen Tatsuki;Sonny Brisko;Doppio Dropscythe","Female","21","UTC +8","No"
"2023/05/23 10:33:42 AM MDT","Nina Kosaka;Enna Alouette;Luca Kaneshiro;Shu Yamino;Ike Eveland;Vox Akuma;Sonny Brisko;Uki Violeta;Alban Knox;Kyo Kaneko;Ren Zotto;Doppio Dropscythe","Female","24","","No"
"2023/05/23 10:39:20 AM MDT","Selen Tatsuki;Enna Alouette;Alban Knox;Doppio Dropscythe","Female","23","UTC +8","Yes"
"2023/05/23 12:27:03 PM MDT","Finana Ryugu;Selen Tatsuki;Enna Alouette;Maria Marionette","Male","23","UTC +0","Yes"
"2023/05/23 12:34:43 PM MDT","Selen Tatsuki;Millie Parfait;Enna Alouette;Shu Yamino;Mysta Rias;Vox Akuma;Kyo Kaneko;Ren Zotto","Female","24","UTC +8","No"
"2023/05/23 1:45:49 PM MDT","Ike Eveland;Vox Akuma;Fulgur Ovid;Ren Zotto;Hex Haywire","Female","100","UTC -5","Yes"
"2023/05/23 1:53:59 PM MDT","Doppio Dropscythe","Female","24","UTC +9","No"
"2023/05/23 4:42:18 PM MDT","Selen Tatsuki;Nina Kosaka;Mysta Rias;Vox Akuma;Uki Violeta;Fulgur Ovid;Doppio Dropscythe","Male","21","UTC -7","Yes"
"2023/05/23 5:32:47 PM MDT","Enna Alouette;Sonny Brisko;Doppio Dropscythe;Ver Vermillion","Bigender","14","UTC +8","Yes"
"2023/05/24 4:12:23 AM MDT","Shu Yamino;Kyo Kaneko;Doppio Dropscythe","Female","24","UTC +0","Yes"
"2023/05/24 5:59:33 AM MDT","Pomu Rainpuff;Luca Kaneshiro;Ike Eveland;Mysta Rias;Vox Akuma;Sonny Brisko;Uki Violeta;Alban Knox;Fulgur Ovid;Aster Arcadia;Ren Zotto;Doppio Dropscythe","Non-binary","19","UTC -4","Yes"
"2023/05/24 6:47:46 AM MDT","Vox Akuma;Kyo Kaneko;Doppio Dropscythe","Male","22","UTC -6","Yes"
"2023/05/24 7:13:38 AM MDT","Doppio Dropscythe;Ver Vermillion","Female","","UTC -3","Yes"
"2023/05/24 8:38:12 AM MDT","Hex Haywire","Female","26","UTC +8","No"
"2023/05/24 8:39:54 AM MDT","Ike Eveland;Vox Akuma;Uki Violeta;Maria Marionette;Ver Vermillion","Female","16","UTC +6","Yes"
"2023/05/24 8:41:56 AM MDT","Shu Yamino;Maria Marionette","Non-binary","25","UTC +9","Yes"
"2023/05/24 8:46:23 AM MDT","Nina Kosaka;Shu Yamino;Ike Eveland","Female","21","UTC +9","No"
"2023/05/24 8:52:52 AM MDT","Ike Eveland","Female","29","UTC -9","No"
"2023/05/24 9:16:10 AM MDT","Shu Yamino;Mysta Rias","Female","","UTC +9","No"
"2023/05/24 9:08:59 PM MDT","Vox Akuma","Female","22","UTC -3","Yes"
"2023/05/24 10:48:47 PM MDT","Uki Violeta;Fulgur Ovid","Female","28","UTC +8","Yes"
"2023/05/24 11:01:06 PM MDT","Selen Tatsuki;Kyo Kaneko;Meloco Kyoran","Female","25","UTC +7","Yes"
"2023/05/24 11:06:28 PM MDT","Pomu Rainpuff;Elira Pendora;Millie Parfait;Enna Alouette;Shu Yamino;Uki Violeta;Fulgur Ovid","Female","25","UTC -7","Yes"
"2023/05/24 11:26:15 PM MDT","Ike Eveland;Vox Akuma;Fulgur Ovid","Female","20","UTC -7","Yes"
"2023/05/24 11:37:46 PM MDT","Enna Alouette;Mysta Rias;Uki Violeta;Fulgur Ovid;Doppio Dropscythe","Female","20","UTC +8","Yes"
"2023/05/24 11:54:36 PM MDT","Luca Kaneshiro;Uki Violeta;Fulgur Ovid;Doppio Dropscythe","Female","18","UTC -7","Yes"
"2023/05/25 12:58:14 AM MDT","Pomu Rainpuff;Mysta Rias;Sonny Brisko;Fulgur Ovid","Female","18","UTC +8","Yes"
"2023/05/25 1:22:01 AM MDT","Uki Violeta;Doppio Dropscythe","Female","22","UTC -5","Yes"
"2023/05/25 1:31:50 AM MDT","Pomu Rainpuff;Elira Pendora;Selen Tatsuki;Millie Parfait;Reimu Endou;Shu Yamino;Ike Eveland;Kotoka Torahime","Female","22","UTC +7","Yes"
"2023/05/25 2:02:45 AM MDT","Vox Akuma","Female","22","UTC +3","No"
"2023/05/25 2:17:45 AM MDT","Millie Parfait;Enna Alouette;Ike Eveland;Mysta Rias;Sonny Brisko;Uki Violeta;Fulgur Ovid;Doppio Dropscythe","Female","24","UTC +2","Yes"
"2023/05/25 2:42:32 AM MDT","Millie Parfait;Enna Alouette;Sonny Brisko;Fulgur Ovid;Doppio Dropscythe","Female","17","UTC +8","No"
"2023/05/25 2:50:49 AM MDT","Pomu Rainpuff;Uki Violeta","Genderfluid","20","UTC +8","Yes"
"2023/05/25 3:27:23 AM MDT","Selen Tatsuki;Millie Parfait;Enna Alouette;Sonny Brisko;Uki Violeta;Alban Knox;Fulgur Ovid;Meloco Kyoran;Hex Haywire","Non-binary","21","UTC -4","Yes"
"2023/05/25 3:38:22 AM MDT","Sonny Brisko;Doppio Dropscythe","Female","22","UTC +8","No"
"2023/05/25 4:16:26 AM MDT","Millie Parfait;Enna Alouette;Luca Kaneshiro;Mysta Rias;Sonny Brisko;Uki Violeta;Alban Knox;Fulgur Ovid;Kyo Kaneko;Ren Zotto;Doppio Dropscythe;Hex Haywire","Female","32","UTC +8","No"
"2023/05/25 6:44:44 AM MDT","Pomu Rainpuff;Selen Tatsuki;Enna Alouette;Shu Yamino;Sonny Brisko;Aia Amare;Kotoka Torahime;Ver Vermillion","Female","23","UTC -4","Yes"
"2023/05/25 10:24:42 AM MDT","Vox Akuma;Uki Violeta;Kyo Kaneko;Doppio Dropscythe;Ver Vermillion","Non-binary","20","UTC +13/-11","Yes"
"2023/05/25 7:08:12 PM MDT","Vox Akuma;Fulgur Ovid;Doppio Dropscythe","Female","26","UTC -5","Yes"
"2023/05/25 9:03:33 PM MDT","Nina Kosaka;Millie Parfait;Fulgur Ovid;Aia Amare;Doppio Dropscythe;Ver Vermillion","Female","25","UTC -4","Yes"
"2023/05/26 2:24:41 AM MDT","Elira Pendora;Petra Gurin;Millie Parfait;Ike Eveland;Sonny Brisko;Ver Vermillion","Female","18","UTC -8","Yes"
"2023/05/26 4:46:17 AM MDT","Luca Kaneshiro;Doppio Dropscythe","Female","18","UTC -8","No"
"2023/05/26 4:49:57 AM MDT","Pomu Rainpuff;Millie Parfait;Luca Kaneshiro;Sonny Brisko;Fulgur Ovid;Doppio Dropscythe;Meloco Kyoran;Kotoka Torahime","Female","24","UTC +8","Yes"
"2023/05/26 1:22:19 PM MDT","Shu Yamino;Uki Violeta;Doppio Dropscythe","Female","24","UTC +8","Yes"
"2023/05/27 12:46:56 PM MDT","Vox Akuma;Doppio Dropscythe;Hex Haywire","Female","20","UTC -5","Yes"
"2023/05/27 6:25:23 PM MDT","Ike Eveland;Uki Violeta;Kyo Kaneko;Doppio Dropscythe;Ver Vermillion","Female","22","UTC -4","Yes"
"2023/05/28 10:15:20 AM MDT","Shu Yamino;Uki Violeta;Fulgur Ovid;Aster Arcadia;Ren Zotto;Doppio Dropscythe","Non-binary","22","UTC +0","Yes"
"2023/05/28 12:47:47 PM MDT","Millie Parfait;Enna Alouette;Luca Kaneshiro;Uki Violeta;Alban Knox;Kyo Kaneko;Scarle Yonaguni;Doppio Dropscythe;Meloco Kyoran","bigender","28","","Yes"
"2023/05/28 1:56:08 PM MDT","Enna Alouette;Fulgur Ovid","Female","22","UTC +7","Yes"
"2023/05/28 3:16:33 PM MDT","Pomu Rainpuff;Millie Parfait;Uki Violeta;Fulgur Ovid;Aia Amare;Doppio Dropscythe;Ver Vermillion","Female","28","UTC -5","Yes"
"2023/05/28 9:41:17 PM MDT","Nina Kosaka;Enna Alouette;Ike Eveland;Fulgur Ovid;Kyo Kaneko","Prefer not to answer","","UTC -7","Yes"
"2023/05/30 2:27:00 AM MDT","Pomu Rainpuff;Elira Pendora;Luca Kaneshiro;Maria Marionette;Doppio Dropscythe;Kotoka Torahime","Non-binary","17","UTC -7","Yes"
"2023/05/30 10:31:43 AM MDT","Enna Alouette;Ike Eveland;Mysta Rias;Doppio Dropscythe","Female","30","UTC +9","No"
"2023/05/30 11:51:30 AM MDT","Alban Knox;Doppio Dropscythe","Female","21","UTC +2","Yes"
"2023/05/30 12:30:16 PM MDT","Mysta Rias;Uki Violeta;Doppio Dropscythe","Female","21","UTC +2","Yes"
"2023/05/30 3:09:45 PM MDT","Ike Eveland;Kyo Kaneko;Doppio Dropscythe","Female","19","UTC -4","Yes"
"2023/05/31 12:16:39 PM MDT","Vox Akuma;Fulgur Ovid;Aia Amare;Doppio Dropscythe","Female","21","UTC -6","Yes"
"2023/05/31 4:26:43 PM MDT","Shu Yamino;Doppio Dropscythe;Ver Vermillion","Non-binary","","UTC -5","Yes"
"2023/05/31 4:46:01 PM MDT","Pomu Rainpuff;Selen Tatsuki;Reimu Endou;Vox Akuma;Alban Knox;Fulgur Ovid;Aia Amare","Female","24","UTC -6","Yes"
"2023/06/01 5:33:45 PM MDT","Luca Kaneshiro;Shu Yamino;Ike Eveland;Mysta Rias;Vox Akuma;Uki Violeta;Alban Knox;Fulgur Ovid;Kyo Kaneko;Aster Arcadia;Doppio Dropscythe","Non-binary","20","UTC -4","Yes"
"2023/06/02 4:08:01 AM MDT","Elira Pendora;Petra Gurin;Selen Tatsuki;Millie Parfait;Enna Alouette;Reimu Endou;Luca Kaneshiro;Shu Yamino;Ike Eveland;Mysta Rias;Ver Vermillion","Female","18","UTC +8","Yes"
"2023/06/02 2:18:31 PM MDT","Luca Kaneshiro;Ike Eveland;Mysta Rias;Uki Violeta;Kyo Kaneko;Aster Arcadia;Ren Zotto","Demigirl","24","UTC +2","Yes"
"2023/06/02 4:37:35 PM MDT","Elira Pendora;Petra Gurin;Selen Tatsuki;Millie Parfait;Enna Alouette;Reimu Endou;Luca Kaneshiro;Mysta Rias;Vox Akuma;Sonny Brisko;Uki Violeta;Kyo Kaneko;Ren Zotto;Doppio Dropscythe;Meloco Kyoran;Ver Vermillion","Non-binary","18","UTC -5","Yes"
"2023/06/03 12:18:48 AM MDT","Selen Tatsuki;Luca Kaneshiro;Doppio Dropscythe","Female","19","UTC +7","Yes"
"2023/06/03 8:12:38 AM MDT","Nina Kosaka;Shu Yamino;Uki Violeta;Alban Knox;Aster Arcadia;Doppio Dropscythe","Female","19","UTC -5","Yes"
"2023/06/04 12:44:09 PM MDT","Elira Pendora;Doppio Dropscythe","Non-binary","18","UTC -4","Yes"
"2023/06/06 11:19:52 AM MDT","Elira Pendora;Enna Alouette;Shu Yamino;Fulgur Ovid;Doppio Dropscythe;Ver Vermillion","Female","30","UTC +8","Yes"
"2023/06/06 8:37:31 PM MDT","Petra Gurin;Luca Kaneshiro;Shu Yamino;Ike Eveland;Mysta Rias;Vox Akuma;Doppio Dropscythe","Female","25","UTC +9","No"
"2023/06/07 3:54:20 PM MDT","Pomu Rainpuff;Rosemi Lovelock","Male","","UTC -5","Yes"
"2023/06/07 4:19:44 PM MDT","Pomu Rainpuff;Elira Pendora;Finana Ryugu;Selen Tatsuki;Millie Parfait;Aia Amare","Male","19","UTC -8","Yes"
"2023/06/07 5:13:08 PM MDT","Rosemi Lovelock;Ike Eveland;Kyo Kaneko","Male","21","UTC +4","Yes"
"2023/06/07 7:32:07 PM MDT","Pomu Rainpuff;Elira Pendora;Rosemi Lovelock;Selen Tatsuki","","","","Yes"
"2023/06/07 9:26:21 PM MDT","Pomu Rainpuff;Elira Pendora;Finana Ryugu;Rosemi Lovelock;Petra Gurin;Selen Tatsuki;Nina Kosaka;Millie Parfait;Enna Alouette;Reimu Endou;Ike Eveland;Mysta Rias;Vox Akuma;Fulgur Ovid;Doppio Dropscythe","Male","26","UTC +8","Yes"
"2023/06/07 10:13:23 PM MDT","Pomu Rainpuff;Elira Pendora;Finana Ryugu;Rosemi Lovelock;Petra Gurin;Selen Tatsuki","Female","19","UTC -4","Yes"
"2023/06/08 12:23:06 AM MDT","Shu Yamino;Sonny Brisko;Kyo Kaneko;Ren Zotto","Female","17","UTC +10","Yes"
"2023/06/08 2:20:09 AM MDT","Elira Pendora;Sonny Brisko","Female","","","Yes"
"2023/06/08 4:09:21 AM MDT","Fulgur Ovid","Female","26","UTC +1","Yes"
"2023/06/08 5:49:28 AM MDT","Luca Kaneshiro;Vox Akuma;Fulgur Ovid;Doppio Dropscythe","Non-binary","32","UTC +0","Yes"
"2023/06/08 6:22:10 AM MDT","Reimu Endou;Shu Yamino;Vox Akuma;Kyo Kaneko;Aia Amare;Scarle Yonaguni;Ren Zotto;Doppio Dropscythe","Female","21","UTC -5","Yes"
"2023/06/08 10:26:47 AM MDT","Elira Pendora;Selen Tatsuki;Millie Parfait;Mysta Rias;Uki Violeta;Kyo Kaneko","Non-binary","23","UTC -4","Yes"
"2023/06/08 3:29:03 PM MDT","Elira Pendora;Millie Parfait;Enna Alouette;Shu Yamino;Mysta Rias;Doppio Dropscythe","Female","19","UTC +2","Yes"
"2023/06/08 8:06:10 PM MDT","Reimu Endou;Alban Knox;Fulgur Ovid;Maria Marionette;Aia Amare;Meloco Kyoran;Ver Vermillion","Female","19","UTC -5","Yes"
"2023/06/09 6:13:28 PM MDT","Pomu Rainpuff;Shu Yamino;Mysta Rias;Alban Knox;Doppio Dropscythe","Non-binary","20","UTC -5","Yes"
"2023/06/11 6:05:38 PM MDT","Rosemi Lovelock;Luca Kaneshiro;Doppio Dropscythe","Female","17","UTC +1","Yes"
"2023/06/12 4:29:47 AM MDT","Ike Eveland","Female","21","UTC +8","Yes"
"2023/06/13 6:14:23 PM MDT","Pomu Rainpuff;Petra Gurin;Millie Parfait;Enna Alouette","Female","15","UTC -5","Yes"
"2023/06/13 7:29:54 PM MDT","Luca Kaneshiro","Female","24","UTC +3","Yes"
"2023/06/14 5:09:07 AM MDT","Fulgur Ovid;Doppio Dropscythe;Ver Vermillion","Female","19","UTC +8","Yes"
"2023/06/14 5:26:21 AM MDT","Millie Parfait;Luca Kaneshiro;Shu Yamino;Ike Eveland;Mysta Rias;Vox Akuma;Sonny Brisko;Uki Violeta;Alban Knox;Fulgur Ovid;Kyo Kaneko;Doppio Dropscythe","Non-binary","19","UTC +8","Yes"
"2023/06/14 11:36:41 AM MDT","Pomu Rainpuff;Elira Pendora;Selen Tatsuki;Nina Kosaka;Enna Alouette;Reimu Endou","Male","19","UTC +2","Yes"
"2023/06/14 1:13:06 PM MDT","Pomu Rainpuff;Sonny Brisko;Doppio Dropscythe","Female","27","UTC -7","Yes"
"2023/06/14 5:33:42 PM MDT","Pomu Rainpuff;Elira Pendora;Shu Yamino;Vox Akuma;Uki Violeta;Doppio Dropscythe","Male","21","UTC -8","Yes"
"2023/06/14 6:24:57 PM MDT","Luca Kaneshiro;Uki Violeta;Doppio Dropscythe","Female","17","UTC +1","Yes"
"2023/06/15 11:51:27 PM MDT","Selen Tatsuki;Sonny Brisko;Kotoka Torahime","Non-binary","26","UTC +8","Yes"
"2023/06/15 11:54:59 PM MDT","Elira Pendora;Finana Ryugu;Rosemi Lovelock;Selen Tatsuki;Enna Alouette;Reimu Endou;Luca Kaneshiro;Shu Yamino;Ike Eveland;Mysta Rias;Uki Violeta;Aia Amare;Aster Arcadia;Ren Zotto;Doppio Dropscythe;Meloco Kyoran;Hex Haywire;Ver Vermillion","Non-binary","20 ","UTC -7","Yes"
"2023/06/16 11:07:13 AM MDT","Luca Kaneshiro;Shu Yamino;Mysta Rias;Sonny Brisko;Maria Marionette;Kyo Kaneko;Doppio Dropscythe","Female","18","UTC +8","Yes"
"2023/06/18 10:36:18 PM MDT","Shu Yamino;Sonny Brisko;Alban Knox;Ren Zotto;Doppio Dropscythe","Female","25","UTC +7","No"
"2023/06/19 11:01:01 AM MDT","Pomu Rainpuff;Millie Parfait;Ike Eveland;Sonny Brisko;Aia Amare;Ren Zotto;Doppio Dropscythe;Meloco Kyoran;Hex Haywire;Kotoka Torahime;Ver Vermillion","Non-binary","","UTC +8","Yes"